CollectionCode_x	HMS_x	CollectionCode_y	HMS_y	StructuredFormula_x	StructureType_x	StructuredFormula_y	StructureType_y	Authors_x	CellParameter_x	CellVolume_x	FormulaWeight_x	Temperature_x	PublicationYear_x	Quality_x	A1	A1_frac	A2	A2_frac	B1	B1_frac	B2	B2_frac	O_x	O_frac_x	a_x	b_x	c_x	alpha_x	beta_x	gamma_x	SpaceGroupNum_x	CrystalClass_x	atom_numA1_x	atom_numA2_x	atom_numB1_x	atom_numB2_x	atom_numO_x	mend_numA1_x	mend_numA2_x	mend_numB1_x	mend_numB2_x	mend_numO_x	atomic_rA1_x	atomic_rA2_x	atomic_rB1_x	atomic_rB2_x	atomic_rO_x	A1_X_x	A2_X_x	B1_X_x	B2_X_x	O_X_x	M_A1_x	M_A2_x	M_B1_x	M_B2_x	M_O_x	V_A1_x	V_A2_x	V_B1_x	V_B2_x	V_O_x	therm_con_A1_x	therm_con_A2_x	therm_con_B1_x	therm_con_B2_x	therm_con_O_x	polarizability_A1_x	polarizability_A2_x	polarizability_B1_x	polarizability_B2_x	polarizability_O_x	lattice_const_A1_x	lattice_const_A2_x	lattice_const_B1_x	lattice_const_B2_x	lattice_const_O_x	Row_A1_x	Row_A2_x	Row_B1_x	Row_B2_x	Row_O_x	Group_A1_x	Group_A2_x	Group_B1_x	Group_B2_x	Group_O_x	nA_x	nB_x	nO_x	rA_avg_x	rB_avg_x	rO_x	rA/rB_x	rA/rO_x	rB/rO_x	rA-rB_x	Goldschmidt_TF_x	SISSO_1_x	SISSO_2_x	SISSO_3_x	SISSO_4_x	SISSO_5_x	SISSO_6_x	SISSO_7_x	SISSO_8_x	SISSO_9_x	SISSO_10_x	is_perovskite_x					Authors_y	CellParameter_y	CellVolume_y	FormulaWeight_y	Temperature_y	PublicationYear_y	Quality_y	O_y	O_frac_y	a_y	b_y	c_y	alpha_y	beta_y	gamma_y	SpaceGroupNum_y	CrystalClass_y	atom_numA1_y	atom_numA2_y	atom_numB1_y	atom_numB2_y	atom_numO_y	mend_numA1_y	mend_numA2_y	mend_numB1_y	mend_numB2_y	mend_numO_y	atomic_rA1_y	atomic_rA2_y	atomic_rB1_y	atomic_rB2_y	atomic_rO_y	A1_X_y	A2_X_y	B1_X_y	B2_X_y	O_X_y	M_A1_y	M_A2_y	M_B1_y	M_B2_y	M_O_y	V_A1_y	V_A2_y	V_B1_y	V_B2_y	V_O_y	therm_con_A1_y	therm_con_A2_y	therm_con_B1_y	therm_con_B2_y	therm_con_O_y	polarizability_A1_y	polarizability_A2_y	polarizability_B1_y	polarizability_B2_y	polarizability_O_y	lattice_const_A1_y	lattice_const_A2_y	lattice_const_B1_y	lattice_const_B2_y	lattice_const_O_y	Row_A1_y	Row_A2_y	Row_B1_y	Row_B2_y	Row_O_y	Group_A1_y	Group_A2_y	Group_B1_y	Group_B2_y	Group_O_y	nA_y	nB_y	nO_y	rA_avg_y	rB_avg_y	rO_y	rA/rB_y	rA/rO_y	rB/rO_y	rA-rB_y	Goldschmidt_TF_y	SISSO_1_y	SISSO_2_y	SISSO_3_y	SISSO_4_y	SISSO_5_y	SISSO_6_y	SISSO_7_y	SISSO_8_y	SISSO_9_y	SISSO_10_y	is_perovskite_y
90487	P m -3 m	90488	P 4 m m	Pb((FeTa)O6)0.5	(Mg0.33Nb0.67)PbO3	Pb((FeTa)O6)0.5	Perovskite#PbTiO3#BaTiO3	Lampis, N.; Sciau, P.; Geddo Lehmann, A.	4.0097(1) 4.0097(1) 4.0097(1) 90 90 90	64.47	373.587	350	2000	10	Pb	1	_	0	Fe	0.5	Ta	0.5	O	3	4.0097	4.0097	4.0097	90	90	90	221	cubic	82	0	26	73	8	82	0	61	52	101	1.8	0	1.4	1.45	0.6	2.33	0	1.83	1.5	3.44	207.2	0	55.845	180.94788	15.9994	18.26	0	7.09	10.85	17.36	35	0	80	57	0.02658	47	0	62	74	5.3	4.95	0	2.87	3.31	6.83	6	0	4	6	2	14	0	8	5	16	2	4	-2	1.33	0.735	1.26	1.8095238095	1.0555555556	0.5833333333	0.595	0.9179982773	54.338	33.94	7.3	0.0001001146	40.11	51.7854761905	52.1084744678	53.98544973	-0.5952163937	1.2267189315	0					Lampis, N.; Sciau, P.; Geddo Lehmann, A.	4.0069(2) 4.0069(2) 4.0087(2) 90 90 90	64.36	373.587	230	2000		O	3	4.0069	4.0069	4.0087	90	90	90	99	tetragonal	82	0	26	73	8	82	0	61	52	101	1.8	0	1.4	1.45	0.6	2.33	0	1.83	1.5	3.44	207.2	0	55.845	180.94788	15.9994	18.26	0	7.09	10.85	17.36	35	0	80	57	0.02658	47	0	62	74	5.3	4.95	0	2.87	3.31	6.83	6	0	4	6	2	14	0	8	5	16	2	4	-2	1.33	0.735	1.26	1.8095238095	1.0555555556	0.5833333333	0.595	0.9179982773	54.338	33.94	7.3	0.0001001146	40.11	51.7854761905	52.1084744678	53.98544973	-0.5952163937	1.2267189315	1
90487	P m -3 m	43789	P m -3 m	Pb((FeTa)O6)0.5	(Mg0.33Nb0.67)PbO3	Pb(FeTaO6)0.5	Perovskite#CaTiO3	Lampis, N.; Sciau, P.; Geddo Lehmann, A.	4.0097(1) 4.0097(1) 4.0097(1) 90 90 90	64.47	373.587	350	2000	10	Pb	1	_	0	Fe	0.5	Ta	0.5	O	3	4.0097	4.0097	4.0097	90	90	90	221	cubic	82	0	26	73	8	82	0	61	52	101	1.8	0	1.4	1.45	0.6	2.33	0	1.83	1.5	3.44	207.2	0	55.845	180.94788	15.9994	18.26	0	7.09	10.85	17.36	35	0	80	57	0.02658	47	0	62	74	5.3	4.95	0	2.87	3.31	6.83	6	0	4	6	2	14	0	8	5	16	2	4	-2	1.33	0.735	1.26	1.8095238095	1.0555555556	0.5833333333	0.595	0.9179982773	54.338	33.94	7.3	0.0001001146	40.11	51.7854761905	52.1084744678	53.98544973	-0.5952163937	1.2267189315	0					Agranovskaya, A.I.	4.01 4.01 4.01 90 90 90	64.48	373.587	293	1960		O	3	4.01	4.01	4.01	90	90	90	221	cubic	82	0	26	73	8	82	0	61	52	101	1.8	0	1.4	1.45	0.6	2.33	0	1.83	1.5	3.44	207.2	0	55.845	180.94788	15.9994	18.26	0	7.09	10.85	17.36	35	0	80	57	0.02658	47	0	62	74	5.3	4.95	0	2.87	3.31	6.83	6	0	4	6	2	14	0	8	5	16	2	4	-2	1.33	0.735	1.26	1.8095238095	1.0555555556	0.5833333333	0.595	0.9179982773	54.338	33.94	7.3	0.0001001146	40.11	51.7854761905	52.1084744678	53.98544973	-0.5952163937	1.2267189315	1
280369	R 3 m H	280370	P m -3 m	Pb(Hf0.8Ti0.2)O3	Pb(Hf,Ti)O3	Pb(Hf0.8Ti0.2)O3	Perovskite#CaTiO3	Muller, C.; Baudour, J.L.; Bedoya, C.; Bouree, F.; Soubeyroux, J.L.; Roubin, M.	5.8025(2) 5.8025(2) 14.2648(4) 90 90 120	415.94	407.559	440	2000	10	Pb	1	_	0	Hf	0.8	Ti	0.2	O	3	5.8025	5.8025	14.2648	90	90	120	160	trigonal	82	0	72	22	8	82	0	50	51	101	1.8	0	1.55	1.4	0.6	2.33	0	1.3	1.54	3.44	207.2	0	178.49	47.867	15.9994	18.26	0	13.44	10.64	17.36	35	0	23	22	0.02658	47	0	103	100	5.3	4.95	0	3.2	2.95	6.83	6	0	6	4	2	14	0	4	4	16	2	4	-2	1.33	0.829	1.26	1.6043425814	1.0555555556	0.6579365079	0.501	0.8766905521	95.868	78.94	6.77	3.66361486339432E-05	81.64	51.8966574186	52.2723479706	53.9997837642	-0.6275032486	1.1155377034	0					Muller, C.; Baudour, J.L.; Bedoya, C.; Bouree, F.; Soubeyroux, J.L.; Roubin, M.	4.1072(1) 4.1072(1) 4.1072(1) 90 90 90	69.28	407.559	520	2000		O	3	4.1072	4.1072	4.1072	90	90	90	221	cubic	82	0	72	22	8	82	0	50	51	101	1.8	0	1.55	1.4	0.6	2.33	0	1.3	1.54	3.44	207.2	0	178.49	47.867	15.9994	18.26	0	13.44	10.64	17.36	35	0	23	22	0.02658	47	0	103	100	5.3	4.95	0	3.2	2.95	6.83	6	0	6	4	2	14	0	4	4	16	2	4	-2	1.33	0.829	1.26	1.6043425814	1.0555555556	0.6579365079	0.501	0.8766905521	95.868	78.94	6.77	3.66361486339432E-05	81.64	51.8966574186	52.2723479706	53.9997837642	-0.6275032486	1.1155377034	1
246730	I 4/m	418992	F m -3 m	Sr2Li(ReO6)	Sr2NiWO6	Sr2Li(ReO6)	Elpasolite#K2NaAlF6#Ba2CaWO6	Macquart, R.B.; Zhou Qing Di; Kennedy, B.J.	5.55033(4) 5.55033(4) 7.92269(7) 90 90 90	244.07	464.373	303	2009	-1	Sr	1	_	0	Li	0.5	Re	0.5	O	3	5.55033	5.55033	7.92269	90	90	90	87	tetragonal	38	0	3	75	8	15	0	12	58	101	2	0	1.45	1.35	0.6	0.95	0	0.98	1.9	3.44	87.62	0	6.941	186.207	15.9994	33.94	0	13.02	8.86	17.36	35	0	85	48	0.02658	197.2	0	164.1125	62	5.3	6.08	0	3.49	2.76	6.83	5	0	2	6	2	2	0	1	7	16	2	4	-2	1.32	0.785	1.26	1.6815286624	1.0476190476	0.623015873	0.535	0.8920955968	155.1325	127.1725	6.97	0.0136296296	127.1925	201.0534713376	201.4105669344	203.192712991	-0.56111555	1.2131953291	0					Bharathy, M.; zur Loye, H.C.	7.9071(15) 7.9071(15) 7.9071(15) 9 9 9	494.37	464.373	298	2008		O	3	7.9071	7.9071	7.9071	9	9	9	225	cubic	38	0	3	75	8	15	0	12	58	101	2	0	1.45	1.35	0.6	0.95	0	0.98	1.9	3.44	87.62	0	6.941	186.207	15.9994	33.94	0	13.02	8.86	17.36	35	0	85	48	0.02658	197.2	0	164.1125	62	5.3	6.08	0	3.49	2.76	6.83	5	0	2	6	2	2	0	1	7	16	2	4	-2	1.32	0.785	1.26	1.6815286624	1.0476190476	0.623015873	0.535	0.8920955968	155.1325	127.1725	6.97	0.0136296296	127.1925	201.0534713376	201.4105669344	203.192712991	-0.56111555	1.2131953291	1
151759	R 3 c H	238986	C m c m	(Li0.12Na0.88)(NbO3)	LiNbO3	(Li0.12Na0.88)NbO3	Perovskite#NaNbO3(Cmcm)	Yuzyuk, Yu.I.; Gagarina, E.; Simon, P.; Reznitchenko, L.A.; Hennet, L.; Thiaudiere, D.	5.47398(7) 5.47398(7) 13.7313(1) 90 90 120	356.33	161.9709	293	2004		Li	0.12	Na	0.88	Nb	1	_	0	O	3	5.47398	5.47398	13.7313	90	90	120	161	trigonal	3	11	41	0	8	12	11	53	0	101	1.45	1.8	1.45	0	0.6	0.98	0.93	1.6	0	3.44	6.941	22.98976928	92.90638	0	15.9994	13.02	23.78	10.83	0	17.36	85	140	54	0	0.02658	164.1125	162.7	98	0	5.3	3.49	4.23	3.3	0	6.83	2	3	5	0	2	1	1	5	0	16	1	5	-2	1.1288	0.78	1.26	1.4471794872	0.8958730159	0.619047619	0.3488	0.8280081759	93.351375	78.53	2.83	0.0008391204	81.93	165.0141205128	165.4933286888	167.105212991	-0.5930109165	1.1817128205	0					Mishra, S.K.; Krishna, P.S.R.; Shinde, A.B.; Jayakrishnan, V.B.; Mittal, R.; Sastry, P.U.; Chaplot, S.L.	7.8651(2) 7.8478(3) 7.8524(3) 90 90 90	484.68	161.9709	873	2015		O	3	7.8651	7.8478	7.8524	90	90	90	63	orthorhombic	3	11	41	0	8	12	11	53	0	101	1.45	1.8	1.45	0	0.6	0.98	0.93	1.6	0	3.44	6.941	22.98976928	92.90638	0	15.9994	13.02	23.78	10.83	0	17.36	85	140	54	0	0.02658	164.1125	162.7	98	0	5.3	3.49	4.23	3.3	0	6.83	2	3	5	0	2	1	1	5	0	16	1	5	-2	1.1288	0.78	1.26	1.4471794872	0.8958730159	0.619047619	0.3488	0.8280081759	93.351375	78.53	2.83	0.0008391204	81.93	165.0141205128	165.4933286888	167.105212991	-0.5930109165	1.1817128205	1
238985	R 3 c H	238986	C m c m	(Li0.12Na0.88)NbO3	LiNbO3	(Li0.12Na0.88)NbO3	Perovskite#NaNbO3(Cmcm)	Mishra, S.K.; Krishna, P.S.R.; Shinde, A.B.; Jayakrishnan, V.B.; Mittal, R.; Sastry, P.U.; Chaplot, S.L.	5.4691(1) 5.4691(1) 13.7194(3) 90 90 120	355.38	161.9709	293	2015		Li	0.12	Na	0.88	Nb	1	_	0	O	3	5.4691	5.4691	13.7194	90	90	120	161	trigonal	3	11	41	0	8	12	11	53	0	101	1.45	1.8	1.45	0	0.6	0.98	0.93	1.6	0	3.44	6.941	22.98976928	92.90638	0	15.9994	13.02	23.78	10.83	0	17.36	85	140	54	0	0.02658	164.1125	162.7	98	0	5.3	3.49	4.23	3.3	0	6.83	2	3	5	0	2	1	1	5	0	16	1	5	-2	1.1288	0.78	1.26	1.4471794872	0.8958730159	0.619047619	0.3488	0.8280081759	93.351375	78.53	2.83	0.0008391204	81.93	165.0141205128	165.4933286888	167.105212991	-0.5930109165	1.1817128205	0					Mishra, S.K.; Krishna, P.S.R.; Shinde, A.B.; Jayakrishnan, V.B.; Mittal, R.; Sastry, P.U.; Chaplot, S.L.	7.8651(2) 7.8478(3) 7.8524(3) 90 90 90	484.68	161.9709	873	2015		O	3	7.8651	7.8478	7.8524	90	90	90	63	orthorhombic	3	11	41	0	8	12	11	53	0	101	1.45	1.8	1.45	0	0.6	0.98	0.93	1.6	0	3.44	6.941	22.98976928	92.90638	0	15.9994	13.02	23.78	10.83	0	17.36	85	140	54	0	0.02658	164.1125	162.7	98	0	5.3	3.49	4.23	3.3	0	6.83	2	3	5	0	2	1	1	5	0	16	1	5	-2	1.1288	0.78	1.26	1.4471794872	0.8958730159	0.619047619	0.3488	0.8280081759	93.351375	78.53	2.83	0.0008391204	81.93	165.0141205128	165.4933286888	167.105212991	-0.5930109165	1.1817128205	1
154040	R 3 c H	280381	P 4 b m	(Na0.5Bi0.5)(TiO3)	LiNbO3	(Na0.5Bi0.5)(TiO3)	Perovskite#NaBi(TiO3)2	Ranjan, R.; Dviwedi, A.	5.4991(1) 5.4991(1) 13.5625(6) 90 90 120	355.18	211.882	293	2005		Na	0.5	Bi	0.5	Ti	1	_	0	O	3	5.4991	5.4991	13.5625	90	90	120	161	trigonal	11	83	22	0	8	11	87	51	0	101	1.8	1.6	1.4	0	0.6	0.93	2.02	1.54	0	3.44	22.98976928	208.9804	47.867	0	15.9994	23.78	21.31	10.64	0	17.36	140	8	22	0	0.02658	162.7	48	100	0	5.3	4.23	4.75	2.95	0	6.83	3	6	4	0	2	1	15	4	0	16	2	4	-2	1.165	0.745	1.26	1.5637583893	0.9246031746	0.5912698413	0.42	0.8552288999	92.628	70.42	4.19	0.0013523666	72.88	164.5562416107	164.9914705107	166.68544973	-0.5651366804	1.2346674802	0					Jones, G.O.; Thomas, P.A.	5.5191(1) 5.5191(1) 3.9085(5) 90 90 90	119.05	211.882	698	2000		O	3	5.5191	5.5191	3.9085	90	90	90	100	tetragonal	11	83	22	0	8	11	87	51	0	101	1.8	1.6	1.4	0	0.6	0.93	2.02	1.54	0	3.44	22.98976928	208.9804	47.867	0	15.9994	23.78	21.31	10.64	0	17.36	140	8	22	0	0.02658	162.7	48	100	0	5.3	4.23	4.75	2.95	0	6.83	3	6	4	0	2	1	15	4	0	16	2	4	-2	1.165	0.745	1.26	1.5637583893	0.9246031746	0.5912698413	0.42	0.8552288999	92.628	70.42	4.19	0.0013523666	72.88	164.5562416107	164.9914705107	166.68544973	-0.5651366804	1.2346674802	1
154040	R 3 c H	43769	P m -3 m	(Na0.5Bi0.5)(TiO3)	LiNbO3	(Na0.5Bi0.5)TiO3	Perovskite#CaTiO3	Ranjan, R.; Dviwedi, A.	5.4991(1) 5.4991(1) 13.5625(6) 90 90 120	355.18	211.882	293	2005		Na	0.5	Bi	0.5	Ti	1	_	0	O	3	5.4991	5.4991	13.5625	90	90	120	161	trigonal	11	83	22	0	8	11	87	51	0	101	1.8	1.6	1.4	0	0.6	0.93	2.02	1.54	0	3.44	22.98976928	208.9804	47.867	0	15.9994	23.78	21.31	10.64	0	17.36	140	8	22	0	0.02658	162.7	48	100	0	5.3	4.23	4.75	2.95	0	6.83	3	6	4	0	2	1	15	4	0	16	2	4	-2	1.165	0.745	1.26	1.5637583893	0.9246031746	0.5912698413	0.42	0.8552288999	92.628	70.42	4.19	0.0013523666	72.88	164.5562416107	164.9914705107	166.68544973	-0.5651366804	1.2346674802	0					Agranovskaya, A.I.	3.89 3.89 3.89 90 90 90	58.86	211.882	293	1960		O	3	3.89	3.89	3.89	90	90	90	221	cubic	11	83	22	0	8	11	87	51	0	101	1.8	1.6	1.4	0	0.6	0.93	2.02	1.54	0	3.44	22.98976928	208.9804	47.867	0	15.9994	23.78	21.31	10.64	0	17.36	140	8	22	0	0.02658	162.7	48	100	0	5.3	4.23	4.75	2.95	0	6.83	3	6	4	0	2	1	15	4	0	16	2	4	-2	1.165	0.745	1.26	1.5637583893	0.9246031746	0.5912698413	0.42	0.8552288999	92.628	70.42	4.19	0.0013523666	72.88	164.5562416107	164.9914705107	166.68544973	-0.5651366804	1.2346674802	1
291526	R 3 c H	280381	P 4 b m	(Na0.5Bi0.5)TiO3	LiNbO3	(Na0.5Bi0.5)(TiO3)	Perovskite#NaBi(TiO3)2	Yoneda, Yasuhiro; Nagata, Hajime; Takenaka, Tadashi	5.4636(2) 5.4636(2) 13.4977(5) 90 90 120	348.94	211.882	293	2015		Na	0.5	Bi	0.5	Ti	1	_	0	O	3	5.4636	5.4636	13.4977	90	90	120	161	trigonal	11	83	22	0	8	11	87	51	0	101	1.8	1.6	1.4	0	0.6	0.93	2.02	1.54	0	3.44	22.98976928	208.9804	47.867	0	15.9994	23.78	21.31	10.64	0	17.36	140	8	22	0	0.02658	162.7	48	100	0	5.3	4.23	4.75	2.95	0	6.83	3	6	4	0	2	1	15	4	0	16	2	4	-2	1.165	0.745	1.26	1.5637583893	0.9246031746	0.5912698413	0.42	0.8552288999	92.628	70.42	4.19	0.0013523666	72.88	164.5562416107	164.9914705107	166.68544973	-0.5651366804	1.2346674802	0					Jones, G.O.; Thomas, P.A.	5.5191(1) 5.5191(1) 3.9085(5) 90 90 90	119.05	211.882	698	2000		O	3	5.5191	5.5191	3.9085	90	90	90	100	tetragonal	11	83	22	0	8	11	87	51	0	101	1.8	1.6	1.4	0	0.6	0.93	2.02	1.54	0	3.44	22.98976928	208.9804	47.867	0	15.9994	23.78	21.31	10.64	0	17.36	140	8	22	0	0.02658	162.7	48	100	0	5.3	4.23	4.75	2.95	0	6.83	3	6	4	0	2	1	15	4	0	16	2	4	-2	1.165	0.745	1.26	1.5637583893	0.9246031746	0.5912698413	0.42	0.8552288999	92.628	70.42	4.19	0.0013523666	72.88	164.5562416107	164.9914705107	166.68544973	-0.5651366804	1.2346674802	1
291526	R 3 c H	43769	P m -3 m	(Na0.5Bi0.5)TiO3	LiNbO3	(Na0.5Bi0.5)TiO3	Perovskite#CaTiO3	Yoneda, Yasuhiro; Nagata, Hajime; Takenaka, Tadashi	5.4636(2) 5.4636(2) 13.4977(5) 90 90 120	348.94	211.882	293	2015		Na	0.5	Bi	0.5	Ti	1	_	0	O	3	5.4636	5.4636	13.4977	90	90	120	161	trigonal	11	83	22	0	8	11	87	51	0	101	1.8	1.6	1.4	0	0.6	0.93	2.02	1.54	0	3.44	22.98976928	208.9804	47.867	0	15.9994	23.78	21.31	10.64	0	17.36	140	8	22	0	0.02658	162.7	48	100	0	5.3	4.23	4.75	2.95	0	6.83	3	6	4	0	2	1	15	4	0	16	2	4	-2	1.165	0.745	1.26	1.5637583893	0.9246031746	0.5912698413	0.42	0.8552288999	92.628	70.42	4.19	0.0013523666	72.88	164.5562416107	164.9914705107	166.68544973	-0.5651366804	1.2346674802	0					Agranovskaya, A.I.	3.89 3.89 3.89 90 90 90	58.86	211.882	293	1960		O	3	3.89	3.89	3.89	90	90	90	221	cubic	11	83	22	0	8	11	87	51	0	101	1.8	1.6	1.4	0	0.6	0.93	2.02	1.54	0	3.44	22.98976928	208.9804	47.867	0	15.9994	23.78	21.31	10.64	0	17.36	140	8	22	0	0.02658	162.7	48	100	0	5.3	4.23	4.75	2.95	0	6.83	3	6	4	0	2	1	15	4	0	16	2	4	-2	1.165	0.745	1.26	1.5637583893	0.9246031746	0.5912698413	0.42	0.8552288999	92.628	70.42	4.19	0.0013523666	72.88	164.5562416107	164.9914705107	166.68544973	-0.5651366804	1.2346674802	1
20786	R 3 c H	280381	P 4 b m	(NaBi)(TiO3)2	LiNbO3	(Na0.5Bi0.5)(TiO3)	Perovskite#NaBi(TiO3)2	Vakhrushev, S.B.; Ivanitskii, B.G.; Kvyatkovskii, B.E.; Maistrenko, A.N.; Malysheva, R.S.; Okuneva, N.M.; Parfenov, N.N.	5.514 5.514 13.51 90 90 120	355.73	423.764	293	1983		Na	0.5	Bi	0.5	Ti	1	_	0	O	3	5.514	5.514	13.51	90	90	120	161	trigonal	11	83	22	0	8	11	87	51	0	101	1.8	1.6	1.4	0	0.6	0.93	2.02	1.54	0	3.44	22.98976928	208.9804	47.867	0	15.9994	23.78	21.31	10.64	0	17.36	140	8	22	0	0.02658	162.7	48	100	0	5.3	4.23	4.75	2.95	0	6.83	3	6	4	0	2	1	15	4	0	16	2	4	-2	1.165	0.745	1.26	1.5637583893	0.9246031746	0.5912698413	0.42	0.8552288999	92.628	70.42	4.19	0.0013523666	72.88	164.5562416107	164.9914705107	166.68544973	-0.5651366804	1.2346674802	0					Jones, G.O.; Thomas, P.A.	5.5191(1) 5.5191(1) 3.9085(5) 90 90 90	119.05	211.882	698	2000		O	3	5.5191	5.5191	3.9085	90	90	90	100	tetragonal	11	83	22	0	8	11	87	51	0	101	1.8	1.6	1.4	0	0.6	0.93	2.02	1.54	0	3.44	22.98976928	208.9804	47.867	0	15.9994	23.78	21.31	10.64	0	17.36	140	8	22	0	0.02658	162.7	48	100	0	5.3	4.23	4.75	2.95	0	6.83	3	6	4	0	2	1	15	4	0	16	2	4	-2	1.165	0.745	1.26	1.5637583893	0.9246031746	0.5912698413	0.42	0.8552288999	92.628	70.42	4.19	0.0013523666	72.88	164.5562416107	164.9914705107	166.68544973	-0.5651366804	1.2346674802	1
20786	R 3 c H	43769	P m -3 m	(NaBi)(TiO3)2	LiNbO3	(Na0.5Bi0.5)TiO3	Perovskite#CaTiO3	Vakhrushev, S.B.; Ivanitskii, B.G.; Kvyatkovskii, B.E.; Maistrenko, A.N.; Malysheva, R.S.; Okuneva, N.M.; Parfenov, N.N.	5.514 5.514 13.51 90 90 120	355.73	423.764	293	1983		Na	0.5	Bi	0.5	Ti	1	_	0	O	3	5.514	5.514	13.51	90	90	120	161	trigonal	11	83	22	0	8	11	87	51	0	101	1.8	1.6	1.4	0	0.6	0.93	2.02	1.54	0	3.44	22.98976928	208.9804	47.867	0	15.9994	23.78	21.31	10.64	0	17.36	140	8	22	0	0.02658	162.7	48	100	0	5.3	4.23	4.75	2.95	0	6.83	3	6	4	0	2	1	15	4	0	16	2	4	-2	1.165	0.745	1.26	1.5637583893	0.9246031746	0.5912698413	0.42	0.8552288999	92.628	70.42	4.19	0.0013523666	72.88	164.5562416107	164.9914705107	166.68544973	-0.5651366804	1.2346674802	0					Agranovskaya, A.I.	3.89 3.89 3.89 90 90 90	58.86	211.882	293	1960		O	3	3.89	3.89	3.89	90	90	90	221	cubic	11	83	22	0	8	11	87	51	0	101	1.8	1.6	1.4	0	0.6	0.93	2.02	1.54	0	3.44	22.98976928	208.9804	47.867	0	15.9994	23.78	21.31	10.64	0	17.36	140	8	22	0	0.02658	162.7	48	100	0	5.3	4.23	4.75	2.95	0	6.83	3	6	4	0	2	1	15	4	0	16	2	4	-2	1.165	0.745	1.26	1.5637583893	0.9246031746	0.5912698413	0.42	0.8552288999	92.628	70.42	4.19	0.0013523666	72.88	164.5562416107	164.9914705107	166.68544973	-0.5651366804	1.2346674802	1
163686	R 3 c H	252627	P m -3 m	(Bi0.9Ca0.1)(FeO3)	LiNbO3	(Bi0.9Ca0.1)FeO3	Perovskite#CaTiO3	Chen Weitin; Williams, A.J.; Ortega-San Martin, L.; Li Ming; Sinclair, D.C.; Zhou Wuzong; Attfield, J.P.	5.56694(11) 5.56694(11) 13.7581(22) 90 90 120	369.25	295.937	300	2009		Bi	0.9	Ca	0.1	Fe	1	_	0	O	3	5.56694	5.56694	13.7581	90	90	120	161	trigonal	83	20	26	0	8	87	16	61	0	101	1.6	1.8	1.4	0	0.6	2.02	1	1.83	0	3.44	208.9804	40.078	55.845	0	15.9994	21.31	26.2	7.09	0	17.36	8	200	80	0	0.02658	48	160.8	62	0	5.3	4.75	5.58	2.87	0	6.83	6	4	4	0	2	15	2	8	0	16	3.1	2.9	-2	1.14	0.696	1.26	1.6379310345	0.9047619048	0.5523809524	0.444	0.8676156824	56.074	31.09	7.41	2.42975354706053E-06	37.26	52.8060689655	53.229684648	54.98544973	-0.6351528626	1.2054252874	0					Chou, Hsiung; Yen, Chen-Wei; Yang, Chun-Chuen; Dwivedi, G.D.; Yang, Kung Shuang; Wu, C.P.; Liu, K.C.; Li, Wen-Hsien	3.9572(12) 3.9572(12) 3.9572(12) 90 90 90	61.97	295.937	750	2016		O	3	3.9572	3.9572	3.9572	90	90	90	221	cubic	83	20	26	0	8	87	16	61	0	101	1.6	1.8	1.4	0	0.6	2.02	1	1.83	0	3.44	208.9804	40.078	55.845	0	15.9994	21.31	26.2	7.09	0	17.36	8	200	80	0	0.02658	48	160.8	62	0	5.3	4.75	5.58	2.87	0	6.83	6	4	4	0	2	15	2	8	0	16	3.1	2.9	-2	1.14	0.696	1.26	1.6379310345	0.9047619048	0.5523809524	0.444	0.8676156824	56.074	31.09	7.41	2.42975354706053E-06	37.26	52.8060689655	53.229684648	54.98544973	-0.6351528626	1.2054252874	1
252626	R 3 c H	252627	P m -3 m	(Bi0.9Ca0.1)FeO3	LiNbO3	(Bi0.9Ca0.1)FeO3	Perovskite#CaTiO3	Chou, Hsiung; Yen, Chen-Wei; Yang, Chun-Chuen; Dwivedi, G.D.; Yang, Kung Shuang; Wu, C.P.; Liu, K.C.; Li, Wen-Hsien	5.5834(14) 5.5834(14) 13.7706(8) 90 90 120	371.78	295.937	750	2016		Bi	0.9	Ca	0.1	Fe	1	_	0	O	3	5.5834	5.5834	13.7706	90	90	120	161	trigonal	83	20	26	0	8	87	16	61	0	101	1.6	1.8	1.4	0	0.6	2.02	1	1.83	0	3.44	208.9804	40.078	55.845	0	15.9994	21.31	26.2	7.09	0	17.36	8	200	80	0	0.02658	48	160.8	62	0	5.3	4.75	5.58	2.87	0	6.83	6	4	4	0	2	15	2	8	0	16	3.1	2.9	-2	1.14	0.696	1.26	1.6379310345	0.9047619048	0.5523809524	0.444	0.8676156824	56.074	31.09	7.41	2.42975354706053E-06	37.26	52.8060689655	53.229684648	54.98544973	-0.6351528626	1.2054252874	0					Chou, Hsiung; Yen, Chen-Wei; Yang, Chun-Chuen; Dwivedi, G.D.; Yang, Kung Shuang; Wu, C.P.; Liu, K.C.; Li, Wen-Hsien	3.9572(12) 3.9572(12) 3.9572(12) 90 90 90	61.97	295.937	750	2016		O	3	3.9572	3.9572	3.9572	90	90	90	221	cubic	83	20	26	0	8	87	16	61	0	101	1.6	1.8	1.4	0	0.6	2.02	1	1.83	0	3.44	208.9804	40.078	55.845	0	15.9994	21.31	26.2	7.09	0	17.36	8	200	80	0	0.02658	48	160.8	62	0	5.3	4.75	5.58	2.87	0	6.83	6	4	4	0	2	15	2	8	0	16	3.1	2.9	-2	1.14	0.696	1.26	1.6379310345	0.9047619048	0.5523809524	0.444	0.8676156824	56.074	31.09	7.41	2.42975354706053E-06	37.26	52.8060689655	53.229684648	54.98544973	-0.6351528626	1.2054252874	1
163903	R 3 c H	163904	R -3 c H	(Bi0.5Sr0.5)(CrO3)	LiNbO3(disordered)	(Bi0.5Sr0.5)(CrO3)	Perovskite#LaAlO3	Ortega-San Martin, L.; Williams, A.J.; Storer, A.; Attfield, J.P.	5.46452(5) 5.46452(5) 13.3480(2) 90 90 120	345.18	248.297	300	2009		Bi	0.5	Sr	0.5	Cr	1	_	0	O	3	5.46452	5.46452	13.348	90	90	120	161	trigonal	83	38	24	0	8	87	15	57	0	101	1.6	2	1.4	0	0.6	2.02	0.95	1.66	0	3.44	208.9804	87.62	51.9961	0	15.9994	21.31	33.94	7.23	0	17.36	8	35	94	0	0.02658	48	197.2	83	0	5.3	4.75	6.08	2.88	0	6.83	6	5	4	0	2	15	2	6	0	16	2.5	3.5	-2	1.245	0.7225	1.26	1.723183391	0.9880952381	0.5734126984	0.5225	0.893469098	77.244	54.09	7.24	2.42975354706053E-06	58.43	52.799316609	53.170285707	54.98544973	-0.6152182537	1.2121776439	0					Ortega-San Martin, L.; Williams, A.J.; Storer, A.; Attfield, J.P.	5.4615(3) 5.4615(3) 13.3382(11) 90 90 120	344.55	248.297	90	2009		O	3	5.4615	5.4615	13.3382	90	90	120	167	trigonal	83	38	24	0	8	87	15	57	0	101	1.6	2	1.4	0	0.6	2.02	0.95	1.66	0	3.44	208.9804	87.62	51.9961	0	15.9994	21.31	33.94	7.23	0	17.36	8	35	94	0	0.02658	48	197.2	83	0	5.3	4.75	6.08	2.88	0	6.83	6	5	4	0	2	15	2	6	0	16	2.5	3.5	-2	1.245	0.7225	1.26	1.723183391	0.9880952381	0.5734126984	0.5225	0.893469098	77.244	54.09	7.24	2.42975354706053E-06	58.43	52.799316609	53.170285707	54.98544973	-0.6152182537	1.2121776439	1
186448	R 3 c H	169818	P 4 m m	Bi(Mg0.5Ti0.5)O3	LiNbO3	Bi(Mg0.5Ti0.5)O3	Perovskite#PbTiO3#BaTiO3	Yoneda, Yasuhiro; Saitoh, Hiroyuki; Yoshii, Kenji	5.6589(45) 5.6589(45) 13.943(79) 90 90 120	386.68	293.082	293	2011		Bi	1	_	0	Mg	0.5	Ti	0.5	O	3	5.6589	5.6589	13.943	90	90	120	161	trigonal	83	0	12	22	8	87	0	73	51	101	1.6	0	1.5	1.4	0.6	2.02	0	1.31	1.54	3.44	208.9804	0	24.305	47.867	15.9994	21.31	0	14	10.64	17.36	8	0	160	22	0.02658	48	0	71.2	100	5.3	4.75	0	3.21	2.95	6.83	6	0	3	4	2	15	0	2	4	16	3	3	-2	1.17	0.8025	1.26	1.4579439252	0.9285714286	0.6369047619	0.3675	0.8331003531	65.794	46.29	6.89	3.09793577250218E-05	46.98	52.9095560748	53.3751564279	54.9974949866	-0.6610904195	1.1019381781	0					Yoneda, Y.; Saitoh, H.; Yoshii, K.; Nishida, T.; Hayakawa, H.; Ikeda, N.	4.033(10) 4.033(10) 3.938(10) 90 90 90	64.05	293.082	293	2010		O	3	4.033	4.033	3.938	90	90	90	99	tetragonal	83	0	12	22	8	87	0	73	51	101	1.6	0	1.5	1.4	0.6	2.02	0	1.31	1.54	3.44	208.9804	0	24.305	47.867	15.9994	21.31	0	14	10.64	17.36	8	0	160	22	0.02658	48	0	71.2	100	5.3	4.75	0	3.21	2.95	6.83	6	0	3	4	2	15	0	2	4	16	3	3	-2	1.17	0.8025	1.26	1.4579439252	0.9285714286	0.6369047619	0.3675	0.8331003531	65.794	46.29	6.89	3.09793577250218E-05	46.98	52.9095560748	53.3751564279	54.9974949866	-0.6610904195	1.1019381781	1
189407	R 3 c H	189408	P n m a	Bi(Fe0.7Mn0.3)O3	LiNbO3	Bi(Fe0.7Mn0.3)O3	Perovskite#GdFeO3	Gibbs, Alexandra S.; Arnold, Donna C.; Knight, Kevin S.; Lightfoot, Philip	5.58833(16) 5.58833(16) 13.8588(5) 90 90 120	374.82	312.554	523	2013		Bi	1	_	0	Fe	0.7	Mn	0.3	O	3	5.58833	5.58833	13.8588	90	90	120	161	trigonal	83	0	26	25	8	87	0	61	60	101	1.6	0	1.4	1.4	0.6	2.02	0	1.83	1.55	3.44	208.9804	0	55.845	54.938045	15.9994	21.31	0	7.09	7.35	17.36	8	0	80	7.8	0.02658	48	0	62	68	5.3	4.75	0	2.87	8.89	6.83	6	0	4	4	2	15	0	8	7	16	3	3	-2	1.17	0.699	1.26	1.6738197425	0.9285714286	0.5547619048	0.471	0.8771156091	56.074	31.09	7.41	9.41529499485955E-06	37.26	52.7971802575	53.2032958666	54.98544973	-0.62787735	1.2143139954	0					Gibbs, Alexandra S.; Arnold, Donna C.; Knight, Kevin S.; Lightfoot, Philip	5.62738(14) 7.94594(18) 5.58786(14) 90 90 90	249.86	312.554	963	2013		O	3	5.62738	7.94594	5.58786	90	90	90	62	orthorhombic	83	0	26	25	8	87	0	61	60	101	1.6	0	1.4	1.4	0.6	2.02	0	1.83	1.55	3.44	208.9804	0	55.845	54.938045	15.9994	21.31	0	7.09	7.35	17.36	8	0	80	7.8	0.02658	48	0	62	68	5.3	4.75	0	2.87	8.89	6.83	6	0	4	4	2	15	0	8	7	16	3	3	-2	1.17	0.699	1.26	1.6738197425	0.9285714286	0.5547619048	0.471	0.8771156091	56.074	31.09	7.41	9.41529499485955E-06	37.26	52.7971802575	53.2032958666	54.98544973	-0.62787735	1.2143139954	1
193446	R 3 c H	193447	P b a m	(Bi0.84La0.16)(FeO3)	LiNbO3	(Bi0.84La0.16)(FeO3)	Perovskite#ZrPbO3	Karpinsky, Dmitry V.; Troyanchuk, Igor O.; Tovar, Michael; Sikolenko, Vadim; Efimov, Vadim; Efimova, Ekaterina; Shur, Vladimir Ya.; Kholkin, Andrei L.	5.5737(5) 5.5737(5) 13.7667(6) 90 90 120	370.38	301.6158	323	2014		Bi	0.84	La	0.16	Fe	1	_	0	O	3	5.5737	5.5737	13.7667	90	90	120	161	trigonal	83	57	26	0	8	87	33	61	0	101	1.6	1.95	1.4	0	0.6	2.02	1.1	1.83	0	3.44	208.9804	138.90547	55.845	0	15.9994	21.31	22.39	7.09	0	17.36	8	13	80	0	0.02658	48	215	62	0	5.3	4.75	3.75	2.87	0	6.83	6	8	4	0	2	15	3	8	0	16	3	3	-2	1.17032	0.69	1.26	1.696115942	0.9288253968	0.5476190476	0.48032	0.8812798731	56.074	31.09	7.41	2.42975354706053E-06	37.26	52.784204058	53.185163931	54.98544973	-0.6246699218	1.2272901949	0					Karpinsky, Dmitry V.; Troyanchuk, Igor O.; Tovar, Michael; Sikolenko, Vadim; Efimov, Vadim; Efimova, Ekaterina; Shur, Vladimir Ya.; Kholkin, Andrei L.	5.6008(6) 11.2338(7) 7.8141(4) 90 90 90	491.65	301.6158	323	2014		O	3	5.6008	11.2338	7.8141	90	90	90	55	orthorhombic	83	57	26	0	8	87	33	61	0	101	1.6	1.95	1.4	0	0.6	2.02	1.1	1.83	0	3.44	208.9804	138.90547	55.845	0	15.9994	21.31	22.39	7.09	0	17.36	8	13	80	0	0.02658	48	215	62	0	5.3	4.75	3.75	2.87	0	6.83	6	8	4	0	2	15	3	8	0	16	3	3	-2	1.17032	0.69	1.26	1.696115942	0.9288253968	0.5476190476	0.48032	0.8812798731	56.074	31.09	7.41	2.42975354706053E-06	37.26	52.784204058	53.185163931	54.98544973	-0.6246699218	1.2272901949	1
193811	R 3 c H	192002	P m -3 m	(Bi0.5Na0.5)(TiO3)	LiNbO3	(Bi0.5Na0.5)(TiO3)	Perovskite#CaTiO3	Blanchard, Peter E.R.; Liu, Samuel; Kennedy, Brendan J.; Ling, Chris D.; Zhang, Zhaoming; Avdeev, Maxim; Jang, Ling-Yun; Lee, Jyh-Fu; Pao, Chih-Wen; Chen, Jeng-Lung	5.4916(6) 5.4916(6) 13.4921(16) 90 90 120	352.38	211.882	298	2014		Bi	0.5	Na	0.5	Ti	1	_	0	O	3	5.4916	5.4916	13.4921	90	90	120	161	trigonal	83	11	22	0	8	87	11	51	0	101	1.6	1.8	1.4	0	0.6	2.02	0.93	1.54	0	3.44	208.9804	22.98976928	47.867	0	15.9994	21.31	23.78	10.64	0	17.36	8	140	22	0	0.02658	48	162.7	100	0	5.3	4.75	4.23	2.95	0	6.83	6	3	4	0	2	15	1	4	0	16	2	4	-2	1.165	0.745	1.26	1.5637583893	0.9246031746	0.5912698413	0.42	0.8552288999	94.364	73.09	7.12	2.42975354706053E-06	75.55	52.8562416107	53.2914705107	54.98544973	-0.6445515184	1.1552526421	0					Anton, Eva-Maria; Schmitt, Ljubomira Ana; Hinterstein, Manuel; Trodahl, Joe; Kowalski, Ben; Jo, Wook; Kleebe, Hans-Joachim; Roedel, Juergen; Jones, Jacob L.	3.88588(20) 3.88588(20) 3.88588(20) 90 90 90	58.68	211.882	293	2012		O	3	3.88588	3.88588	3.88588	90	90	90	221	cubic	83	11	22	0	8	87	11	51	0	101	1.6	1.8	1.4	0	0.6	2.02	0.93	1.54	0	3.44	208.9804	22.98976928	47.867	0	15.9994	21.31	23.78	10.64	0	17.36	8	140	22	0	0.02658	48	162.7	100	0	5.3	4.75	4.23	2.95	0	6.83	6	3	4	0	2	15	1	4	0	16	2	4	-2	1.165	0.745	1.26	1.5637583893	0.9246031746	0.5912698413	0.42	0.8552288999	94.364	73.09	7.12	2.42975354706053E-06	75.55	52.8562416107	53.2914705107	54.98544973	-0.6445515184	1.1552526421	1
235996	R 3 c H	235997	P n m a	(Ho0.1Bi0.9)FeO3	LiNbO3	(Ho0.1Bi0.9)FeO3	Perovskite#GdFeO3	Singh, Jogender; Agarwal, Ashish; Sanghi, Sujata; Prakash, Pulkit; Das, A.; Prajapat, C.L.; Rangi, Manisha	5.5580(2) 5.5580(2) 13.801(10) 90 90 120	369.21	308.422	6	2019		Ho	0.1	Bi	0.9	Fe	1	_	0	O	3	5.558	5.558	13.801	90	90	120	161	trigonal	67	83	26	0	8	23	87	61	0	101	1.75	1.6	1.4	0	0.6	1.23	2.02	1.83	0	3.44	164.93032	208.9804	55.845	0	15.9994	18.74	21.31	7.09	0	17.36	16	8	80	0	0.02658	156	48	62	0	5.3	3.58	4.75	2.87	0	6.83	8	6	4	0	2	13	15	8	0	16	3	3	-2	1.1571	0.69	1.26	1.6769565217	0.9183333333	0.5476190476	0.4671	0.8764860517	54.810625	33.51	9.15	0.0001438317	39.68	162.7901434783	163.19952953	164.98544973	-0.5963772806	1.2533347826	0					Singh, Jogender; Agarwal, Ashish; Sanghi, Sujata; Prakash, Pulkit; Das, A.; Prajapat, C.L.; Rangi, Manisha	5.588(4) 7.816(3) 5.377(3) 90 90 90	234.84	308.422	6	2019		O	3	5.588	7.816	5.377	90	90	90	62	orthorhombic	67	83	26	0	8	23	87	61	0	101	1.75	1.6	1.4	0	0.6	1.23	2.02	1.83	0	3.44	164.93032	208.9804	55.845	0	15.9994	18.74	21.31	7.09	0	17.36	16	8	80	0	0.02658	156	48	62	0	5.3	3.58	4.75	2.87	0	6.83	8	6	4	0	2	13	15	8	0	16	3	3	-2	1.1571	0.69	1.26	1.6769565217	0.9183333333	0.5476190476	0.4671	0.8764860517	54.810625	33.51	9.15	0.0001438317	39.68	162.7901434783	163.19952953	164.98544973	-0.5963772806	1.2533347826	1
235998	R 3 c H	235999	P n m a	(Ho0.15Bi0.85)FeO3	LiNbO3	(Ho0.15Bi0.85)FeO3	Perovskite#GdFeO3	Singh, Jogender; Agarwal, Ashish; Sanghi, Sujata; Prakash, Pulkit; Das, A.; Prajapat, C.L.; Rangi, Manisha	5.5574(3) 5.5574(3) 13.788(12) 90 90 120	368.79	306.2195	6	2019		Ho	0.15	Bi	0.85	Fe	1	_	0	O	3	5.5574	5.5574	13.788	90	90	120	161	trigonal	67	83	26	0	8	23	87	61	0	101	1.75	1.6	1.4	0	0.6	1.23	2.02	1.83	0	3.44	164.93032	208.9804	55.845	0	15.9994	18.74	21.31	7.09	0	17.36	16	8	80	0	0.02658	156	48	62	0	5.3	3.58	4.75	2.87	0	6.83	8	6	4	0	2	13	15	8	0	16	3	3	-2	1.15065	0.69	1.26	1.6676086957	0.9132142857	0.5476190476	0.46065	0.87414716	54.810625	33.51	9.15	0.0001438317	39.68	162.7930413043	163.2065384644	164.98544973	-0.5981729559	1.2504369565	0					Singh, Jogender; Agarwal, Ashish; Sanghi, Sujata; Prakash, Pulkit; Das, A.; Prajapat, C.L.; Rangi, Manisha	5.553(19) 7.821(3) 5.417(19) 90 90 90	235.26	306.2195	6	2019		O	3	5.553	7.821	5.417	90	90	90	62	orthorhombic	67	83	26	0	8	23	87	61	0	101	1.75	1.6	1.4	0	0.6	1.23	2.02	1.83	0	3.44	164.93032	208.9804	55.845	0	15.9994	18.74	21.31	7.09	0	17.36	16	8	80	0	0.02658	156	48	62	0	5.3	3.58	4.75	2.87	0	6.83	8	6	4	0	2	13	15	8	0	16	3	3	-2	1.15065	0.69	1.26	1.6676086957	0.9132142857	0.5476190476	0.46065	0.87414716	54.810625	33.51	9.15	0.0001438317	39.68	162.7930413043	163.2065384644	164.98544973	-0.5981729559	1.2504369565	1
236000	R 3 c H	236001	P n m a	(Ho0.2Bi0.8)FeO3	LiNbO3	(Ho0.2Bi0.8)FeO3	Perovskite#GdFeO3	Singh, Jogender; Agarwal, Ashish; Sanghi, Sujata; Prakash, Pulkit; Das, A.; Prajapat, C.L.; Rangi, Manisha	5.5531(4) 5.5531(4) 13.767(17) 90 90 120	367.66	304.017	6	2019		Ho	0.2	Bi	0.8	Fe	1	_	0	O	3	5.5531	5.5531	13.767	90	90	120	161	trigonal	67	83	26	0	8	23	87	61	0	101	1.75	1.6	1.4	0	0.6	1.23	2.02	1.83	0	3.44	164.93032	208.9804	55.845	0	15.9994	18.74	21.31	7.09	0	17.36	16	8	80	0	0.02658	156	48	62	0	5.3	3.58	4.75	2.87	0	6.83	8	6	4	0	2	13	15	8	0	16	3	3	-2	1.1442	0.69	1.26	1.6582608696	0.9080952381	0.5476190476	0.4542	0.8718082684	54.810625	33.51	9.15	0.0001438317	39.68	162.7959391304	163.2135473988	164.98544973	-0.599965121	1.2475391304	0					Singh, Jogender; Agarwal, Ashish; Sanghi, Sujata; Prakash, Pulkit; Das, A.; Prajapat, C.L.; Rangi, Manisha	5.5436(15) 7.805(2) 5.4042(5) 90 90 90	233.83	304.017	6	2019		O	3	5.5436	7.805	5.4042	90	90	90	62	orthorhombic	67	83	26	0	8	23	87	61	0	101	1.75	1.6	1.4	0	0.6	1.23	2.02	1.83	0	3.44	164.93032	208.9804	55.845	0	15.9994	18.74	21.31	7.09	0	17.36	16	8	80	0	0.02658	156	48	62	0	5.3	3.58	4.75	2.87	0	6.83	8	6	4	0	2	13	15	8	0	16	3	3	-2	1.1442	0.69	1.26	1.6582608696	0.9080952381	0.5476190476	0.4542	0.8718082684	54.810625	33.51	9.15	0.0001438317	39.68	162.7959391304	163.2135473988	164.98544973	-0.599965121	1.2475391304	1
252622	R 3 c H	252623	P m -3 m	(Bi0.9Pb0.1)FeO3	LiNbO3	(Bi0.9Pb0.1)FeO3	Perovskite#CaTiO3	Chou, Hsiung; Yen, Chen-Wei; Yang, Chun-Chuen; Dwivedi, G.D.; Yang, Kung Shuang; Wu, C.P.; Liu, K.C.; Li, Wen-Hsien	5.6133(6) 5.6133(6) 13.8253(16) 90 90 120	377.26	312.648	728	2016		Bi	0.9	Pb	0.1	Fe	1	_	0	O	3	5.6133	5.6133	13.8253	90	90	120	161	trigonal	83	82	26	0	8	87	82	61	0	101	1.6	1.8	1.4	0	0.6	2.02	2.33	1.83	0	3.44	208.9804	207.2	55.845	0	15.9994	21.31	18.26	7.09	0	17.36	8	35	80	0	0.02658	48	47	62	0	5.3	4.75	4.95	2.87	0	6.83	6	6	4	0	2	15	14	8	0	16	3.1	2.9	-2	1.1445	0.696	1.26	1.6443965517	0.9083333333	0.5523809524	0.4485	0.8692424618	56.074	31.09	7.41	2.42975354706053E-06	37.26	52.8041034483	53.2248459101	54.98544973	-0.6339111176	1.2073908046	0					Chou, Hsiung; Yen, Chen-Wei; Yang, Chun-Chuen; Dwivedi, G.D.; Yang, Kung Shuang; Wu, C.P.; Liu, K.C.; Li, Wen-Hsien	3.9770(11) 3.9770(11) 3.9770(11) 90 90 90	62.9	312.648	728	2016		O	3	3.977	3.977	3.977	90	90	90	221	cubic	83	82	26	0	8	87	82	61	0	101	1.6	1.8	1.4	0	0.6	2.02	2.33	1.83	0	3.44	208.9804	207.2	55.845	0	15.9994	21.31	18.26	7.09	0	17.36	8	35	80	0	0.02658	48	47	62	0	5.3	4.75	4.95	2.87	0	6.83	6	6	4	0	2	15	14	8	0	16	3.1	2.9	-2	1.1445	0.696	1.26	1.6443965517	0.9083333333	0.5523809524	0.4485	0.8692424618	56.074	31.09	7.41	2.42975354706053E-06	37.26	52.8041034483	53.2248459101	54.98544973	-0.6339111176	1.2073908046	1
1603	R 3 c H	262096	P m -3 m	Pb(Zr0.9Ti0.1)O3	LiNbO3	Pb(Zr0.9Ti0.1)O3	Perovskite#CaTiO3	Glazer, A.M.; Mabud, S.A.; Clarke, R.	5.8412 5.8412 14.4122 90 90 120	425.86	342.075	293	1978		Pb	1	_	0	Zr	0.9	Ti	0.1	O	3	5.8412	5.8412	14.4122	90	90	120	161	trigonal	82	0	40	22	8	82	0	49	51	101	1.8	0	1.55	1.4	0.6	2.33	0	1.33	1.54	3.44	207.2	0	91.224	47.867	15.9994	18.26	0	14.02	10.64	17.36	35	0	23	22	0.02658	47	0	112	100	5.3	4.95	0	3.23	2.95	6.83	6	0	5	4	2	14	0	4	4	16	2	4	-2	1.33	0.8485	1.26	1.5674720094	1.0555555556	0.6734126984	0.4815	0.8685826717	104.838	87.94	6.8	3.66361486339432E-05	90.61	51.9140279906	52.3011106623	53.9997837642	-0.6337140823	1.0981671314	0					Zhang Nan; Yokota, H.; Glazer, A.M.; Thomas, P.A.	4.144990(3) 4.144990(3) 4.144990(3) 9 9 9	71.21	342.075	623	2011		O	3	4.14499	4.14499	4.14499	9	9	9	221	cubic	82	0	40	22	8	82	0	49	51	101	1.8	0	1.55	1.4	0.6	2.33	0	1.33	1.54	3.44	207.2	0	91.224	47.867	15.9994	18.26	0	14.02	10.64	17.36	35	0	23	22	0.02658	47	0	112	100	5.3	4.95	0	3.23	2.95	6.83	6	0	5	4	2	14	0	4	4	16	2	4	-2	1.33	0.8485	1.26	1.5674720094	1.0555555556	0.6734126984	0.4815	0.8685826717	104.838	87.94	6.8	3.66361486339432E-05	90.61	51.9140279906	52.3011106623	53.9997837642	-0.6337140823	1.0981671314	1
166042	R 3 c H	230654	P n m a	(Bi0.9Gd0.1)(FeO3)	LiNbO3	(Bi0.90Gd0.10)FeO3	Perovskite#GdFeO3	Khomchenko, V.A.; Shvartsman, V.V.; Borisov, P.; Kleemann, W.; Kiselev, D.A.; Bdikin, I.K.; Vieira, J.M.; Kholkin, A.L.	5.5694(1) 5.5694(1) 13.8112(1) 90 90 120	371	307.654	293	2009		Bi	0.9	Gd	0.1	Fe	1	_	0	O	3	5.5694	5.5694	13.8112	90	90	120	161	trigonal	83	64	26	0	8	87	27	61	0	101	1.6	1.8	1.4	0	0.6	2.02	1.2	1.83	0	3.44	208.9804	157.25	55.845	0	15.9994	21.31	19.9	7.09	0	17.36	8	11	80	0	0.02658	48	158	62	0	5.3	4.75	3.64	2.87	0	6.83	6	8	4	0	2	15	10	8	0	16	3	3	-2	1.1608	0.69	1.26	1.6823188406	0.9212698413	0.5476190476	0.4708	0.8778277415	56.074	31.09	7.41	2.42975354706053E-06	37.26	52.7884811594	53.1955089009	54.98544973	-0.6273296308	1.2230130935	0					Godara, Priyanka; Agarwal, Ashish; Ahlawat, Neetu; Sanghi, Sujata	5.62 7.81 5.43 90 90 90	238.33	307.654	293	2018		O	3	5.62	7.81	5.43	90	90	90	62	orthorhombic	83	64	26	0	8	87	27	61	0	101	1.6	1.8	1.4	0	0.6	2.02	1.2	1.83	0	3.44	208.9804	157.25	55.845	0	15.9994	21.31	19.9	7.09	0	17.36	8	11	80	0	0.02658	48	158	62	0	5.3	4.75	3.64	2.87	0	6.83	6	8	4	0	2	15	10	8	0	16	3	3	-2	1.1608	0.69	1.26	1.6823188406	0.9212698413	0.5476190476	0.4708	0.8778277415	56.074	31.09	7.41	2.42975354706053E-06	37.26	52.7884811594	53.1955089009	54.98544973	-0.6273296308	1.2230130935	1
166042	R 3 c H	237028	P b n m	(Bi0.9Gd0.1)(FeO3)	LiNbO3	(Bi0.9Gd0.1)FeO3	Perovskite#GdFeO3	Khomchenko, V.A.; Shvartsman, V.V.; Borisov, P.; Kleemann, W.; Kiselev, D.A.; Bdikin, I.K.; Vieira, J.M.; Kholkin, A.L.	5.5694(1) 5.5694(1) 13.8112(1) 90 90 120	371	307.654	293	2009		Bi	0.9	Gd	0.1	Fe	1	_	0	O	3	5.5694	5.5694	13.8112	90	90	120	161	trigonal	83	64	26	0	8	87	27	61	0	101	1.6	1.8	1.4	0	0.6	2.02	1.2	1.83	0	3.44	208.9804	157.25	55.845	0	15.9994	21.31	19.9	7.09	0	17.36	8	11	80	0	0.02658	48	158	62	0	5.3	4.75	3.64	2.87	0	6.83	6	8	4	0	2	15	10	8	0	16	3	3	-2	1.1608	0.69	1.26	1.6823188406	0.9212698413	0.5476190476	0.4708	0.8778277415	56.074	31.09	7.41	2.42975354706053E-06	37.26	52.7884811594	53.1955089009	54.98544973	-0.6273296308	1.2230130935	0					Zhang, Xingquan; Sui, Yu; Wang, Xianjie; Xie, Ruishi	5.4365(3) 5.6348(2) 7.8146(4) 90 90 90	239.39	307.654	293	2014		O	3	5.4365	5.6348	7.8146	90	90	90	62	orthorhombic	83	64	26	0	8	87	27	61	0	101	1.6	1.8	1.4	0	0.6	2.02	1.2	1.83	0	3.44	208.9804	157.25	55.845	0	15.9994	21.31	19.9	7.09	0	17.36	8	11	80	0	0.02658	48	158	62	0	5.3	4.75	3.64	2.87	0	6.83	6	8	4	0	2	15	10	8	0	16	3	3	-2	1.1608	0.69	1.26	1.6823188406	0.9212698413	0.5476190476	0.4708	0.8778277415	56.074	31.09	7.41	2.42975354706053E-06	37.26	52.7884811594	53.1955089009	54.98544973	-0.6273296308	1.2230130935	1
166042	R 3 c H	166043	P n 21 a	(Bi0.9Gd0.1)(FeO3)	LiNbO3	(Bi0.9Gd0.1)(FeO3)	Perovskite#YScS3	Khomchenko, V.A.; Shvartsman, V.V.; Borisov, P.; Kleemann, W.; Kiselev, D.A.; Bdikin, I.K.; Vieira, J.M.; Kholkin, A.L.	5.5694(1) 5.5694(1) 13.8112(1) 90 90 120	371	307.654	293	2009		Bi	0.9	Gd	0.1	Fe	1	_	0	O	3	5.5694	5.5694	13.8112	90	90	120	161	trigonal	83	64	26	0	8	87	27	61	0	101	1.6	1.8	1.4	0	0.6	2.02	1.2	1.83	0	3.44	208.9804	157.25	55.845	0	15.9994	21.31	19.9	7.09	0	17.36	8	11	80	0	0.02658	48	158	62	0	5.3	4.75	3.64	2.87	0	6.83	6	8	4	0	2	15	10	8	0	16	3	3	-2	1.1608	0.69	1.26	1.6823188406	0.9212698413	0.5476190476	0.4708	0.8778277415	56.074	31.09	7.41	2.42975354706053E-06	37.26	52.7884811594	53.1955089009	54.98544973	-0.6273296308	1.2230130935	0					Khomchenko, V.A.; Shvartsman, V.V.; Borisov, P.; Kleemann, W.; Kiselev, D.A.; Bdikin, I.K.; Vieira, J.M.; Kholkin, A.L.	5.6281(6) 7.8289(7) 5.4363(5) 90 90 90	239.53	307.654	293	2009		O	3	5.6281	7.8289	5.4363	90	90	90	33	orthorhombic	83	64	26	0	8	87	27	61	0	101	1.6	1.8	1.4	0	0.6	2.02	1.2	1.83	0	3.44	208.9804	157.25	55.845	0	15.9994	21.31	19.9	7.09	0	17.36	8	11	80	0	0.02658	48	158	62	0	5.3	4.75	3.64	2.87	0	6.83	6	8	4	0	2	15	10	8	0	16	3	3	-2	1.1608	0.69	1.26	1.6823188406	0.9212698413	0.5476190476	0.4708	0.8778277415	56.074	31.09	7.41	2.42975354706053E-06	37.26	52.7884811594	53.1955089009	54.98544973	-0.6273296308	1.2230130935	1
230653	R 3 c H	230654	P n m a	(Bi0.90Gd0.10)FeO3	LiNbO3	(Bi0.90Gd0.10)FeO3	Perovskite#GdFeO3	Godara, Priyanka; Agarwal, Ashish; Ahlawat, Neetu; Sanghi, Sujata	5.57 5.57 13.82 90 90 120	371.32	307.654	293	2018		Bi	0.9	Gd	0.1	Fe	1	_	0	O	3	5.57	5.57	13.82	90	90	120	161	trigonal	83	64	26	0	8	87	27	61	0	101	1.6	1.8	1.4	0	0.6	2.02	1.2	1.83	0	3.44	208.9804	157.25	55.845	0	15.9994	21.31	19.9	7.09	0	17.36	8	11	80	0	0.02658	48	158	62	0	5.3	4.75	3.64	2.87	0	6.83	6	8	4	0	2	15	10	8	0	16	3	3	-2	1.1608	0.69	1.26	1.6823188406	0.9212698413	0.5476190476	0.4708	0.8778277415	56.074	31.09	7.41	2.42975354706053E-06	37.26	52.7884811594	53.1955089009	54.98544973	-0.6273296308	1.2230130935	0					Godara, Priyanka; Agarwal, Ashish; Ahlawat, Neetu; Sanghi, Sujata	5.62 7.81 5.43 90 90 90	238.33	307.654	293	2018		O	3	5.62	7.81	5.43	90	90	90	62	orthorhombic	83	64	26	0	8	87	27	61	0	101	1.6	1.8	1.4	0	0.6	2.02	1.2	1.83	0	3.44	208.9804	157.25	55.845	0	15.9994	21.31	19.9	7.09	0	17.36	8	11	80	0	0.02658	48	158	62	0	5.3	4.75	3.64	2.87	0	6.83	6	8	4	0	2	15	10	8	0	16	3	3	-2	1.1608	0.69	1.26	1.6823188406	0.9212698413	0.5476190476	0.4708	0.8778277415	56.074	31.09	7.41	2.42975354706053E-06	37.26	52.7884811594	53.1955089009	54.98544973	-0.6273296308	1.2230130935	1
230653	R 3 c H	237028	P b n m	(Bi0.90Gd0.10)FeO3	LiNbO3	(Bi0.9Gd0.1)FeO3	Perovskite#GdFeO3	Godara, Priyanka; Agarwal, Ashish; Ahlawat, Neetu; Sanghi, Sujata	5.57 5.57 13.82 90 90 120	371.32	307.654	293	2018		Bi	0.9	Gd	0.1	Fe	1	_	0	O	3	5.57	5.57	13.82	90	90	120	161	trigonal	83	64	26	0	8	87	27	61	0	101	1.6	1.8	1.4	0	0.6	2.02	1.2	1.83	0	3.44	208.9804	157.25	55.845	0	15.9994	21.31	19.9	7.09	0	17.36	8	11	80	0	0.02658	48	158	62	0	5.3	4.75	3.64	2.87	0	6.83	6	8	4	0	2	15	10	8	0	16	3	3	-2	1.1608	0.69	1.26	1.6823188406	0.9212698413	0.5476190476	0.4708	0.8778277415	56.074	31.09	7.41	2.42975354706053E-06	37.26	52.7884811594	53.1955089009	54.98544973	-0.6273296308	1.2230130935	0					Zhang, Xingquan; Sui, Yu; Wang, Xianjie; Xie, Ruishi	5.4365(3) 5.6348(2) 7.8146(4) 90 90 90	239.39	307.654	293	2014		O	3	5.4365	5.6348	7.8146	90	90	90	62	orthorhombic	83	64	26	0	8	87	27	61	0	101	1.6	1.8	1.4	0	0.6	2.02	1.2	1.83	0	3.44	208.9804	157.25	55.845	0	15.9994	21.31	19.9	7.09	0	17.36	8	11	80	0	0.02658	48	158	62	0	5.3	4.75	3.64	2.87	0	6.83	6	8	4	0	2	15	10	8	0	16	3	3	-2	1.1608	0.69	1.26	1.6823188406	0.9212698413	0.5476190476	0.4708	0.8778277415	56.074	31.09	7.41	2.42975354706053E-06	37.26	52.7884811594	53.1955089009	54.98544973	-0.6273296308	1.2230130935	1
230653	R 3 c H	166043	P n 21 a	(Bi0.90Gd0.10)FeO3	LiNbO3	(Bi0.9Gd0.1)(FeO3)	Perovskite#YScS3	Godara, Priyanka; Agarwal, Ashish; Ahlawat, Neetu; Sanghi, Sujata	5.57 5.57 13.82 90 90 120	371.32	307.654	293	2018		Bi	0.9	Gd	0.1	Fe	1	_	0	O	3	5.57	5.57	13.82	90	90	120	161	trigonal	83	64	26	0	8	87	27	61	0	101	1.6	1.8	1.4	0	0.6	2.02	1.2	1.83	0	3.44	208.9804	157.25	55.845	0	15.9994	21.31	19.9	7.09	0	17.36	8	11	80	0	0.02658	48	158	62	0	5.3	4.75	3.64	2.87	0	6.83	6	8	4	0	2	15	10	8	0	16	3	3	-2	1.1608	0.69	1.26	1.6823188406	0.9212698413	0.5476190476	0.4708	0.8778277415	56.074	31.09	7.41	2.42975354706053E-06	37.26	52.7884811594	53.1955089009	54.98544973	-0.6273296308	1.2230130935	0					Khomchenko, V.A.; Shvartsman, V.V.; Borisov, P.; Kleemann, W.; Kiselev, D.A.; Bdikin, I.K.; Vieira, J.M.; Kholkin, A.L.	5.6281(6) 7.8289(7) 5.4363(5) 90 90 90	239.53	307.654	293	2009		O	3	5.6281	7.8289	5.4363	90	90	90	33	orthorhombic	83	64	26	0	8	87	27	61	0	101	1.6	1.8	1.4	0	0.6	2.02	1.2	1.83	0	3.44	208.9804	157.25	55.845	0	15.9994	21.31	19.9	7.09	0	17.36	8	11	80	0	0.02658	48	158	62	0	5.3	4.75	3.64	2.87	0	6.83	6	8	4	0	2	15	10	8	0	16	3	3	-2	1.1608	0.69	1.26	1.6823188406	0.9212698413	0.5476190476	0.4708	0.8778277415	56.074	31.09	7.41	2.42975354706053E-06	37.26	52.7884811594	53.1955089009	54.98544973	-0.6273296308	1.2230130935	1
237027	R 3 c H	230654	P n m a	(Bi0.9Gd0.1)FeO3	LiNbO3	(Bi0.90Gd0.10)FeO3	Perovskite#GdFeO3	Zhang, Xingquan; Sui, Yu; Wang, Xianjie; Xie, Ruishi	5.5568(8) 5.5568(8) 13.7427(2) 90 90 120	367.5	307.654	293	2014		Bi	0.9	Gd	0.1	Fe	1	_	0	O	3	5.5568	5.5568	13.7427	90	90	120	161	trigonal	83	64	26	0	8	87	27	61	0	101	1.6	1.8	1.4	0	0.6	2.02	1.2	1.83	0	3.44	208.9804	157.25	55.845	0	15.9994	21.31	19.9	7.09	0	17.36	8	11	80	0	0.02658	48	158	62	0	5.3	4.75	3.64	2.87	0	6.83	6	8	4	0	2	15	10	8	0	16	3	3	-2	1.1608	0.69	1.26	1.6823188406	0.9212698413	0.5476190476	0.4708	0.8778277415	56.074	31.09	7.41	2.42975354706053E-06	37.26	52.7884811594	53.1955089009	54.98544973	-0.6273296308	1.2230130935	0					Godara, Priyanka; Agarwal, Ashish; Ahlawat, Neetu; Sanghi, Sujata	5.62 7.81 5.43 90 90 90	238.33	307.654	293	2018		O	3	5.62	7.81	5.43	90	90	90	62	orthorhombic	83	64	26	0	8	87	27	61	0	101	1.6	1.8	1.4	0	0.6	2.02	1.2	1.83	0	3.44	208.9804	157.25	55.845	0	15.9994	21.31	19.9	7.09	0	17.36	8	11	80	0	0.02658	48	158	62	0	5.3	4.75	3.64	2.87	0	6.83	6	8	4	0	2	15	10	8	0	16	3	3	-2	1.1608	0.69	1.26	1.6823188406	0.9212698413	0.5476190476	0.4708	0.8778277415	56.074	31.09	7.41	2.42975354706053E-06	37.26	52.7884811594	53.1955089009	54.98544973	-0.6273296308	1.2230130935	1
237027	R 3 c H	237028	P b n m	(Bi0.9Gd0.1)FeO3	LiNbO3	(Bi0.9Gd0.1)FeO3	Perovskite#GdFeO3	Zhang, Xingquan; Sui, Yu; Wang, Xianjie; Xie, Ruishi	5.5568(8) 5.5568(8) 13.7427(2) 90 90 120	367.5	307.654	293	2014		Bi	0.9	Gd	0.1	Fe	1	_	0	O	3	5.5568	5.5568	13.7427	90	90	120	161	trigonal	83	64	26	0	8	87	27	61	0	101	1.6	1.8	1.4	0	0.6	2.02	1.2	1.83	0	3.44	208.9804	157.25	55.845	0	15.9994	21.31	19.9	7.09	0	17.36	8	11	80	0	0.02658	48	158	62	0	5.3	4.75	3.64	2.87	0	6.83	6	8	4	0	2	15	10	8	0	16	3	3	-2	1.1608	0.69	1.26	1.6823188406	0.9212698413	0.5476190476	0.4708	0.8778277415	56.074	31.09	7.41	2.42975354706053E-06	37.26	52.7884811594	53.1955089009	54.98544973	-0.6273296308	1.2230130935	0					Zhang, Xingquan; Sui, Yu; Wang, Xianjie; Xie, Ruishi	5.4365(3) 5.6348(2) 7.8146(4) 90 90 90	239.39	307.654	293	2014		O	3	5.4365	5.6348	7.8146	90	90	90	62	orthorhombic	83	64	26	0	8	87	27	61	0	101	1.6	1.8	1.4	0	0.6	2.02	1.2	1.83	0	3.44	208.9804	157.25	55.845	0	15.9994	21.31	19.9	7.09	0	17.36	8	11	80	0	0.02658	48	158	62	0	5.3	4.75	3.64	2.87	0	6.83	6	8	4	0	2	15	10	8	0	16	3	3	-2	1.1608	0.69	1.26	1.6823188406	0.9212698413	0.5476190476	0.4708	0.8778277415	56.074	31.09	7.41	2.42975354706053E-06	37.26	52.7884811594	53.1955089009	54.98544973	-0.6273296308	1.2230130935	1
237027	R 3 c H	166043	P n 21 a	(Bi0.9Gd0.1)FeO3	LiNbO3	(Bi0.9Gd0.1)(FeO3)	Perovskite#YScS3	Zhang, Xingquan; Sui, Yu; Wang, Xianjie; Xie, Ruishi	5.5568(8) 5.5568(8) 13.7427(2) 90 90 120	367.5	307.654	293	2014		Bi	0.9	Gd	0.1	Fe	1	_	0	O	3	5.5568	5.5568	13.7427	90	90	120	161	trigonal	83	64	26	0	8	87	27	61	0	101	1.6	1.8	1.4	0	0.6	2.02	1.2	1.83	0	3.44	208.9804	157.25	55.845	0	15.9994	21.31	19.9	7.09	0	17.36	8	11	80	0	0.02658	48	158	62	0	5.3	4.75	3.64	2.87	0	6.83	6	8	4	0	2	15	10	8	0	16	3	3	-2	1.1608	0.69	1.26	1.6823188406	0.9212698413	0.5476190476	0.4708	0.8778277415	56.074	31.09	7.41	2.42975354706053E-06	37.26	52.7884811594	53.1955089009	54.98544973	-0.6273296308	1.2230130935	0					Khomchenko, V.A.; Shvartsman, V.V.; Borisov, P.; Kleemann, W.; Kiselev, D.A.; Bdikin, I.K.; Vieira, J.M.; Kholkin, A.L.	5.6281(6) 7.8289(7) 5.4363(5) 90 90 90	239.53	307.654	293	2009		O	3	5.6281	7.8289	5.4363	90	90	90	33	orthorhombic	83	64	26	0	8	87	27	61	0	101	1.6	1.8	1.4	0	0.6	2.02	1.2	1.83	0	3.44	208.9804	157.25	55.845	0	15.9994	21.31	19.9	7.09	0	17.36	8	11	80	0	0.02658	48	158	62	0	5.3	4.75	3.64	2.87	0	6.83	6	8	4	0	2	15	10	8	0	16	3	3	-2	1.1608	0.69	1.26	1.6823188406	0.9212698413	0.5476190476	0.4708	0.8778277415	56.074	31.09	7.41	2.42975354706053E-06	37.26	52.7884811594	53.1955089009	54.98544973	-0.6273296308	1.2230130935	1
167232	R 3 c H	196247	P 4 m m	(Bi0.8Ba0.2)(FeO3)	LiNbO3	(Bi0.8Ba0.2)(FeO3)	Perovskite#PbTiO3#BaTiO3	Khomchenko, V.A.; Shvartsman, V.V.; Borisov, P.; Kleemann, W.; Kiselev, D.A.; Bdikin, I.K.; Vieira, J.M.; Kholkin, A.L.	5.6318(1) 5.6318(1) 13.7944(1) 90 90 120	378.9	298.499	293	2009		Bi	0.8	Ba	0.2	Fe	1	_	0	O	3	5.6318	5.6318	13.7944	90	90	120	161	trigonal	83	56	26	0	8	87	14	61	0	101	1.6	2.15	1.4	0	0.6	2.02	0.89	1.83	0	3.44	208.9804	137.327	55.845	0	15.9994	21.31	38.16	7.09	0	17.36	8	18	80	0	0.02658	48	272	62	0	5.3	4.75	5.02	2.87	0	6.83	6	6	4	0	2	15	2	8	0	16	3.2	2.8	-2	1.18	0.702	1.26	1.6809116809	0.9365079365	0.5571428571	0.478	0.8793784639	56.074	31.09	7.41	2.42975354706053E-06	37.26	52.7970883191	53.1984667829	54.98544973	-0.6261358103	1.2144059338	0					Das, Rajasree; Sharma, Sucheta; Mandal, Kalyan	3.9935(2) 3.9935(2) 3.9804(1) 90 90 90	63.48	298.499	293	2016		O	3	3.9935	3.9935	3.9804	90	90	90	99	tetragonal	83	56	26	0	8	87	14	61	0	101	1.6	2.15	1.4	0	0.6	2.02	0.89	1.83	0	3.44	208.9804	137.327	55.845	0	15.9994	21.31	38.16	7.09	0	17.36	8	18	80	0	0.02658	48	272	62	0	5.3	4.75	5.02	2.87	0	6.83	6	6	4	0	2	15	2	8	0	16	3.2	2.8	-2	1.18	0.702	1.26	1.6809116809	0.9365079365	0.5571428571	0.478	0.8793784639	56.074	31.09	7.41	2.42975354706053E-06	37.26	52.7970883191	53.1984667829	54.98544973	-0.6261358103	1.2144059338	1
290948	R 3 c H	196247	P 4 m m	(Bi0.8Ba0.2)FeO3	LiNbO3	(Bi0.8Ba0.2)(FeO3)	Perovskite#PbTiO3#BaTiO3	Godara, Priyanka; Agarwal, Ashish; Ahlawat, Neetu; Sanghi, Sujata; Dahiya, Reetu	5.65 5.65 13.75 90 90 120	380.13	298.499	293	2014		Bi	0.8	Ba	0.2	Fe	1	_	0	O	3	5.65	5.65	13.75	90	90	120	161	trigonal	83	56	26	0	8	87	14	61	0	101	1.6	2.15	1.4	0	0.6	2.02	0.89	1.83	0	3.44	208.9804	137.327	55.845	0	15.9994	21.31	38.16	7.09	0	17.36	8	18	80	0	0.02658	48	272	62	0	5.3	4.75	5.02	2.87	0	6.83	6	6	4	0	2	15	2	8	0	16	3.2	2.8	-2	1.18	0.702	1.26	1.6809116809	0.9365079365	0.5571428571	0.478	0.8793784639	56.074	31.09	7.41	2.42975354706053E-06	37.26	52.7970883191	53.1984667829	54.98544973	-0.6261358103	1.2144059338	0					Das, Rajasree; Sharma, Sucheta; Mandal, Kalyan	3.9935(2) 3.9935(2) 3.9804(1) 90 90 90	63.48	298.499	293	2016		O	3	3.9935	3.9935	3.9804	90	90	90	99	tetragonal	83	56	26	0	8	87	14	61	0	101	1.6	2.15	1.4	0	0.6	2.02	0.89	1.83	0	3.44	208.9804	137.327	55.845	0	15.9994	21.31	38.16	7.09	0	17.36	8	18	80	0	0.02658	48	272	62	0	5.3	4.75	5.02	2.87	0	6.83	6	6	4	0	2	15	2	8	0	16	3.2	2.8	-2	1.18	0.702	1.26	1.6809116809	0.9365079365	0.5571428571	0.478	0.8793784639	56.074	31.09	7.41	2.42975354706053E-06	37.26	52.7970883191	53.1984667829	54.98544973	-0.6261358103	1.2144059338	1
168743	R 3 c H	196145	P b n m	(Bi0.9Y0.1)(FeO3)	LiNbO3	(Bi0.90Y0.10)(FeO3)	Perovskite#GdFeO3	Bellakki, M.B.; Manivannan, V.	5.571(2) 5.571(2) 13.789(2) 90 90 120	370.62	300.8195	293	2010		Bi	0.9	Y	0.1	Fe	1	_	0	O	3	5.571	5.571	13.789	90	90	120	161	trigonal	83	39	26	0	8	87	25	61	0	101	1.6	1.8	1.4	0	0.6	2.02	1.22	1.83	0	3.44	208.9804	88.90585	55.845	0	15.9994	21.31	19.88	7.09	0	17.36	8	17	80	0	0.02658	48	162	62	0	5.3	4.75	3.65	2.87	0	6.83	6	5	4	0	2	15	3	8	0	16	3	3	-2	1.157	0.69	1.26	1.6768115942	0.9182539683	0.5476190476	0.467	0.8764497898	56.074	31.09	7.41	2.42975354706053E-06	37.26	52.7901884058	53.1996381956	54.98544973	-0.6283891553	1.2213058471	0					Perejon, Antonio; Gil-Gonzalez, Eva; Sanchez-Jimenez, Pedro E.; Criado, Jose M.; Perez-Maqueda, Luis A.	5.42433(4) 5.62842(7) 7.84045(8) 90 90 90	239.37	300.8195	293	2015		O	3	5.42433	5.62842	7.84045	90	90	90	62	orthorhombic	83	39	26	0	8	87	25	61	0	101	1.6	1.8	1.4	0	0.6	2.02	1.22	1.83	0	3.44	208.9804	88.90585	55.845	0	15.9994	21.31	19.88	7.09	0	17.36	8	17	80	0	0.02658	48	162	62	0	5.3	4.75	3.65	2.87	0	6.83	6	5	4	0	2	15	3	8	0	16	3	3	-2	1.157	0.69	1.26	1.6768115942	0.9182539683	0.5476190476	0.467	0.8764497898	56.074	31.09	7.41	2.42975354706053E-06	37.26	52.7901884058	53.1996381956	54.98544973	-0.6283891553	1.2213058471	1
181409	R 3 c H	196145	P b n m	(Bi0.90Y0.10)(FeO3)	LiNbO3	(Bi0.90Y0.10)(FeO3)	Perovskite#GdFeO3	Madhu, C.; Bellakki, M.B.; Manivannan, V.	5.571(2) 5.571(2) 13.789(2) 90 90 120	370.62	300.8195	293	2010		Bi	0.9	Y	0.1	Fe	1	_	0	O	3	5.571	5.571	13.789	90	90	120	161	trigonal	83	39	26	0	8	87	25	61	0	101	1.6	1.8	1.4	0	0.6	2.02	1.22	1.83	0	3.44	208.9804	88.90585	55.845	0	15.9994	21.31	19.88	7.09	0	17.36	8	17	80	0	0.02658	48	162	62	0	5.3	4.75	3.65	2.87	0	6.83	6	5	4	0	2	15	3	8	0	16	3	3	-2	1.157	0.69	1.26	1.6768115942	0.9182539683	0.5476190476	0.467	0.8764497898	56.074	31.09	7.41	2.42975354706053E-06	37.26	52.7901884058	53.1996381956	54.98544973	-0.6283891553	1.2213058471	0					Perejon, Antonio; Gil-Gonzalez, Eva; Sanchez-Jimenez, Pedro E.; Criado, Jose M.; Perez-Maqueda, Luis A.	5.42433(4) 5.62842(7) 7.84045(8) 90 90 90	239.37	300.8195	293	2015		O	3	5.42433	5.62842	7.84045	90	90	90	62	orthorhombic	83	39	26	0	8	87	25	61	0	101	1.6	1.8	1.4	0	0.6	2.02	1.22	1.83	0	3.44	208.9804	88.90585	55.845	0	15.9994	21.31	19.88	7.09	0	17.36	8	17	80	0	0.02658	48	162	62	0	5.3	4.75	3.65	2.87	0	6.83	6	5	4	0	2	15	3	8	0	16	3	3	-2	1.157	0.69	1.26	1.6768115942	0.9182539683	0.5476190476	0.467	0.8764497898	56.074	31.09	7.41	2.42975354706053E-06	37.26	52.7901884058	53.1996381956	54.98544973	-0.6283891553	1.2213058471	1
181565	R 3 c H	181564	P b a m	(Bi0.815La0.185)(FeO3)	LiNbO3	(Bi0.815La0.185)(FeO3)	Perovskite#ZrPbO3	Troyanchuk, I.O.; Karpinsky, D.V.; Bushinskii, M.V.; Khomchenko, V.A.; Kakazei, G.N.; Araujo, J.P.; Tovar, M.; Sikolenko, V.; Efimov, V.; Kholkin, A.L.	5.5663(10) 5.5663(10) 13.7447(20) 90 90 120	368.81	299.8641	293	2011		Bi	0.815	La	0.185	Fe	1	_	0	O	3	5.5663	5.5663	13.7447	90	90	120	161	trigonal	83	57	26	0	8	87	33	61	0	101	1.6	1.95	1.4	0	0.6	2.02	1.1	1.83	0	3.44	208.9804	138.90547	55.845	0	15.9994	21.31	22.39	7.09	0	17.36	8	13	80	0	0.02658	48	215	62	0	5.3	4.75	3.75	2.87	0	6.83	6	8	4	0	2	15	3	8	0	16	3	3	-2	1.17037	0.69	1.26	1.6961884058	0.9288650794	0.5476190476	0.48037	0.881298004	56.074	31.09	7.41	2.42975354706053E-06	37.26	52.7841815942	53.1851095982	54.98544973	-0.6246559327	1.2273126587	0					Troyanchuk, I.O.; Karpinsky, D.V.; Bushinskii, M.V.; Khomchenko, V.A.; Kakazei, G.N.; Araujo, J.P.; Tovar, M.; Sikolenko, V.; Efimov, V.; Kholkin, A.L.	5.5896(1) 11.2663(2) 7.8020(1) 90 90 90	491.32	299.8641	293	2011		O	3	5.5896	11.2663	7.802	90	90	90	55	orthorhombic	83	57	26	0	8	87	33	61	0	101	1.6	1.95	1.4	0	0.6	2.02	1.1	1.83	0	3.44	208.9804	138.90547	55.845	0	15.9994	21.31	22.39	7.09	0	17.36	8	13	80	0	0.02658	48	215	62	0	5.3	4.75	3.75	2.87	0	6.83	6	8	4	0	2	15	3	8	0	16	3	3	-2	1.17037	0.69	1.26	1.6961884058	0.9288650794	0.5476190476	0.48037	0.881298004	56.074	31.09	7.41	2.42975354706053E-06	37.26	52.7841815942	53.1851095982	54.98544973	-0.6246559327	1.2273126587	1
185503	R 3 c H	186797	P 1	(Bi0.8Sr0.2)(FeO3)	LiNbO3	(Bi0.8Sr0.2)(FeO3)	Perovskite#NaNbO3(P1)	Reetu; Agarwal, A.; Sanghi, S.; Ashima	5.581 5.581 13.7613 90 90 120	371.21	288.555	293	2011		Bi	0.8	Sr	0.2	Fe	1	_	0	O	3	5.581	5.581	13.7613	90	90	120	161	trigonal	83	38	26	0	8	87	15	61	0	101	1.6	2	1.4	0	0.6	2.02	0.95	1.83	0	3.44	208.9804	87.62	55.845	0	15.9994	21.31	33.94	7.09	0	17.36	8	35	80	0	0.02658	48	197.2	62	0	5.3	4.75	6.08	2.87	0	6.83	6	5	4	0	2	15	2	8	0	16	3.2	2.8	-2	1.146	0.702	1.26	1.6324786325	0.9095238095	0.5571428571	0.444	0.8671248295	56.074	31.09	7.41	2.42975354706053E-06	37.26	52.8115213675	53.234646197	54.98544973	-0.6355272021	1.1999728854	0					Reetu; Agarwal, Ashish; Sanghi, Sujata; Ashima; Ahlawat, Neetu; Monica	3.9582 3.9582 3.9582 89.69 89.69 89.69	62.01	288.555	293	2012		O	3	3.9582	3.9582	3.9582	89.69	89.69	89.69	1	triclinic	83	38	26	0	8	87	15	61	0	101	1.6	2	1.4	0	0.6	2.02	0.95	1.83	0	3.44	208.9804	87.62	55.845	0	15.9994	21.31	33.94	7.09	0	17.36	8	35	80	0	0.02658	48	197.2	62	0	5.3	4.75	6.08	2.87	0	6.83	6	5	4	0	2	15	2	8	0	16	3.2	2.8	-2	1.146	0.702	1.26	1.6324786325	0.9095238095	0.5571428571	0.444	0.8671248295	56.074	31.09	7.41	2.42975354706053E-06	37.26	52.8115213675	53.234646197	54.98544973	-0.6355272021	1.1999728854	1
188317	R 3 c H	188320	P n m a	(Bi0.95Ca0.05)(FeO3)	LiNbO3	(Bi0.95Ca0.05)(FeO3)	Perovskite#GdFeO3	Khomchenko, V.A.; Troyanchuk, I.O.; Toebbens, D.M.; Sikolenko, V.; Paixao, J.A.	5.57492(1) 5.57492(1) 13.83839(2) 90 90 120	372.47	304.382	310	2013		Bi	0.95	Ca	0.05	Fe	1	_	0	O	3	5.57492	5.57492	13.83839	90	90	120	161	trigonal	83	20	26	0	8	87	16	61	0	101	1.6	1.8	1.4	0	0.6	2.02	1	1.83	0	3.44	208.9804	40.078	55.845	0	15.9994	21.31	26.2	7.09	0	17.36	8	200	80	0	0.02658	48	160.8	62	0	5.3	4.75	5.58	2.87	0	6.83	6	4	4	0	2	15	2	8	0	16	3.1611111111	2.9	-2	1.14	0.696	1.26	1.6379310345	0.9047619048	0.5523809524	0.444	0.8676156824	56.074	31.09	7.41	2.42975354706053E-06	37.26	52.8060689655	53.229684648	54.98544973	-0.6351528626	1.2054252874	0					Khomchenko, V.A.; Troyanchuk, I.O.; Toebbens, D.M.; Sikolenko, V.; Paixao, J.A.	5.63476(1) 7.95777(1) 5.61478(1) 90 90 90	251.77	304.382	1050	2013		O	3	5.63476	7.95777	5.61478	90	90	90	62	orthorhombic	83	20	26	0	8	87	16	61	0	101	1.6	1.8	1.4	0	0.6	2.02	1	1.83	0	3.44	208.9804	40.078	55.845	0	15.9994	21.31	26.2	7.09	0	17.36	8	200	80	0	0.02658	48	160.8	62	0	5.3	4.75	5.58	2.87	0	6.83	6	4	4	0	2	15	2	8	0	16	3.1611111111	2.9	-2	1.14	0.696	1.26	1.6379310345	0.9047619048	0.5523809524	0.444	0.8676156824	56.074	31.09	7.41	2.42975354706053E-06	37.26	52.8060689655	53.229684648	54.98544973	-0.6351528626	1.2054252874	1
193448	R 3 c H	193449	P n m a	(Bi0.875Pr0.125)(FeO3)	LiNbO3	(Bi0.875Pr0.125)(FeO3)	Perovskite#GdFeO3	Karpinsky, Dmitry V.; Troyanchuk, Igor O.; Tovar, Michael; Sikolenko, Vadim; Efimov, Vadim; Efimova, Ekaterina; Shur, Vladimir Ya.; Kholkin, Andrei L.	5.5926(6) 5.5926(6) 13.8383(7) 90 90 120	374.84	304.3183	673	2014		Bi	0.875	Pr	0.125	Fe	1	_	0	O	3	5.5926	5.5926	13.8383	90	90	120	161	trigonal	83	59	26	0	8	87	31	61	0	101	1.6	1.85	1.4	0	0.6	2.02	1.13	1.83	0	3.44	208.9804	140.90765	55.845	0	15.9994	21.31	20.8	7.09	0	17.36	8	13	80	0	0.02658	48	216	62	0	5.3	4.75	3.67	2.87	0	6.83	6	8	4	0	2	15	5	8	0	16	3	3	-2	1.1675	0.69	1.26	1.6920289855	0.9265873016	0.5476190476	0.4775	0.8802572879	56.074	31.09	7.41	2.42975354706053E-06	37.26	52.7854710145	53.1882283024	54.98544973	-0.6254585685	1.2260232384	0					Karpinsky, Dmitry V.; Troyanchuk, Igor O.; Tovar, Michael; Sikolenko, Vadim; Efimov, Vadim; Efimova, Ekaterina; Shur, Vladimir Ya.; Kholkin, Andrei L.	5.6271(6) 7.8909(9) 5.5149(7) 90 90 90	244.87	304.3183	673	2014		O	3	5.6271	7.8909	5.5149	90	90	90	62	orthorhombic	83	59	26	0	8	87	31	61	0	101	1.6	1.85	1.4	0	0.6	2.02	1.13	1.83	0	3.44	208.9804	140.90765	55.845	0	15.9994	21.31	20.8	7.09	0	17.36	8	13	80	0	0.02658	48	216	62	0	5.3	4.75	3.67	2.87	0	6.83	6	8	4	0	2	15	5	8	0	16	3	3	-2	1.1675	0.69	1.26	1.6920289855	0.9265873016	0.5476190476	0.4775	0.8802572879	56.074	31.09	7.41	2.42975354706053E-06	37.26	52.7854710145	53.1882283024	54.98544973	-0.6254585685	1.2260232384	1
193845	R 3 c H	194416	P b a m	(Bi0.8La0.2)(FeO3)	LiNbO3	(Bi0.8La0.2)(FeO3)	Perovskite#ZrPbO3	Rangi, Manisha; Agarwal, Ashish; Sanghi, Sujata; Singh, Ripandeep; Meena, S.S.; Das, A.	5.5782 5.5782 13.8347 90 90 120	372.81	298.813	293	2014		Bi	0.8	La	0.2	Fe	1	_	0	O	3	5.5782	5.5782	13.8347	90	90	120	161	trigonal	83	57	26	0	8	87	33	61	0	101	1.6	1.95	1.4	0	0.6	2.02	1.1	1.83	0	3.44	208.9804	138.90547	55.845	0	15.9994	21.31	22.39	7.09	0	17.36	8	13	80	0	0.02658	48	215	62	0	5.3	4.75	3.75	2.87	0	6.83	6	8	4	0	2	15	3	8	0	16	3	3	-2	1.1704	0.69	1.26	1.6962318841	0.9288888889	0.5476190476	0.4804	0.8813088826	56.074	31.09	7.41	2.42975354706053E-06	37.26	52.7841681159	53.1850769985	54.98544973	-0.6246475392	1.2273261369	0					Knee, Christopher S.; Tucker, Matthew G.; Manuel, Pascal; Cai, Shengzhen; Bielecki, Johan; Boerjesson, Lars; Eriksson, Sten G.	5.6045(3) 11.2484(6) 7.8160(2) 90 90 90	492.73	298.813	293	2014		O	3	5.6045	11.2484	7.816	90	90	90	55	orthorhombic	83	57	26	0	8	87	33	61	0	101	1.6	1.95	1.4	0	0.6	2.02	1.1	1.83	0	3.44	208.9804	138.90547	55.845	0	15.9994	21.31	22.39	7.09	0	17.36	8	13	80	0	0.02658	48	215	62	0	5.3	4.75	3.75	2.87	0	6.83	6	8	4	0	2	15	3	8	0	16	3	3	-2	1.1704	0.69	1.26	1.6962318841	0.9288888889	0.5476190476	0.4804	0.8813088826	56.074	31.09	7.41	2.42975354706053E-06	37.26	52.7841681159	53.1850769985	54.98544973	-0.6246475392	1.2273261369	1
193845	R 3 c H	291353	P m -3 m	(Bi0.8La0.2)(FeO3)	LiNbO3	(Bi0.8La0.2)FeO3	Perovskite#CaTiO3	Rangi, Manisha; Agarwal, Ashish; Sanghi, Sujata; Singh, Ripandeep; Meena, S.S.; Das, A.	5.5782 5.5782 13.8347 90 90 120	372.81	298.813	293	2014		Bi	0.8	La	0.2	Fe	1	_	0	O	3	5.5782	5.5782	13.8347	90	90	120	161	trigonal	83	57	26	0	8	87	33	61	0	101	1.6	1.95	1.4	0	0.6	2.02	1.1	1.83	0	3.44	208.9804	138.90547	55.845	0	15.9994	21.31	22.39	7.09	0	17.36	8	13	80	0	0.02658	48	215	62	0	5.3	4.75	3.75	2.87	0	6.83	6	8	4	0	2	15	3	8	0	16	3	3	-2	1.1704	0.69	1.26	1.6962318841	0.9288888889	0.5476190476	0.4804	0.8813088826	56.074	31.09	7.41	2.42975354706053E-06	37.26	52.7841681159	53.1850769985	54.98544973	-0.6246475392	1.2273261369	0					Yao, Q.R.; Cai, J.; Zhou, H.Y.; Rao, G.H.; Wang, Z.M.; Deng, J.Q.	3.9470(3) 3.9470(3) 3.9470(3) 90 90 90	61.49	298.813	293	2015		O	3	3.947	3.947	3.947	90	90	90	221	cubic	83	57	26	0	8	87	33	61	0	101	1.6	1.95	1.4	0	0.6	2.02	1.1	1.83	0	3.44	208.9804	138.90547	55.845	0	15.9994	21.31	22.39	7.09	0	17.36	8	13	80	0	0.02658	48	215	62	0	5.3	4.75	3.75	2.87	0	6.83	6	8	4	0	2	15	3	8	0	16	3	3	-2	1.1704	0.69	1.26	1.6962318841	0.9288888889	0.5476190476	0.4804	0.8813088826	56.074	31.09	7.41	2.42975354706053E-06	37.26	52.7841681159	53.1850769985	54.98544973	-0.6246475392	1.2273261369	1
236019	R 3 c H	194416	P b a m	(Bi0.8La0.2)FeO3	LiNbO3	(Bi0.8La0.2)(FeO3)	Perovskite#ZrPbO3	Singh, Jogender	5.5787 5.5787 13.7899 90 90 120	371.67	298.813	293	2018		Bi	0.8	La	0.2	Fe	1	_	0	O	3	5.5787	5.5787	13.7899	90	90	120	161	trigonal	83	57	26	0	8	87	33	61	0	101	1.6	1.95	1.4	0	0.6	2.02	1.1	1.83	0	3.44	208.9804	138.90547	55.845	0	15.9994	21.31	22.39	7.09	0	17.36	8	13	80	0	0.02658	48	215	62	0	5.3	4.75	3.75	2.87	0	6.83	6	8	4	0	2	15	3	8	0	16	3	3	-2	1.1704	0.69	1.26	1.6962318841	0.9288888889	0.5476190476	0.4804	0.8813088826	56.074	31.09	7.41	2.42975354706053E-06	37.26	52.7841681159	53.1850769985	54.98544973	-0.6246475392	1.2273261369	0					Knee, Christopher S.; Tucker, Matthew G.; Manuel, Pascal; Cai, Shengzhen; Bielecki, Johan; Boerjesson, Lars; Eriksson, Sten G.	5.6045(3) 11.2484(6) 7.8160(2) 90 90 90	492.73	298.813	293	2014		O	3	5.6045	11.2484	7.816	90	90	90	55	orthorhombic	83	57	26	0	8	87	33	61	0	101	1.6	1.95	1.4	0	0.6	2.02	1.1	1.83	0	3.44	208.9804	138.90547	55.845	0	15.9994	21.31	22.39	7.09	0	17.36	8	13	80	0	0.02658	48	215	62	0	5.3	4.75	3.75	2.87	0	6.83	6	8	4	0	2	15	3	8	0	16	3	3	-2	1.1704	0.69	1.26	1.6962318841	0.9288888889	0.5476190476	0.4804	0.8813088826	56.074	31.09	7.41	2.42975354706053E-06	37.26	52.7841681159	53.1850769985	54.98544973	-0.6246475392	1.2273261369	1
236019	R 3 c H	291353	P m -3 m	(Bi0.8La0.2)FeO3	LiNbO3	(Bi0.8La0.2)FeO3	Perovskite#CaTiO3	Singh, Jogender	5.5787 5.5787 13.7899 90 90 120	371.67	298.813	293	2018		Bi	0.8	La	0.2	Fe	1	_	0	O	3	5.5787	5.5787	13.7899	90	90	120	161	trigonal	83	57	26	0	8	87	33	61	0	101	1.6	1.95	1.4	0	0.6	2.02	1.1	1.83	0	3.44	208.9804	138.90547	55.845	0	15.9994	21.31	22.39	7.09	0	17.36	8	13	80	0	0.02658	48	215	62	0	5.3	4.75	3.75	2.87	0	6.83	6	8	4	0	2	15	3	8	0	16	3	3	-2	1.1704	0.69	1.26	1.6962318841	0.9288888889	0.5476190476	0.4804	0.8813088826	56.074	31.09	7.41	2.42975354706053E-06	37.26	52.7841681159	53.1850769985	54.98544973	-0.6246475392	1.2273261369	0					Yao, Q.R.; Cai, J.; Zhou, H.Y.; Rao, G.H.; Wang, Z.M.; Deng, J.Q.	3.9470(3) 3.9470(3) 3.9470(3) 90 90 90	61.49	298.813	293	2015		O	3	3.947	3.947	3.947	90	90	90	221	cubic	83	57	26	0	8	87	33	61	0	101	1.6	1.95	1.4	0	0.6	2.02	1.1	1.83	0	3.44	208.9804	138.90547	55.845	0	15.9994	21.31	22.39	7.09	0	17.36	8	13	80	0	0.02658	48	215	62	0	5.3	4.75	3.75	2.87	0	6.83	6	8	4	0	2	15	3	8	0	16	3	3	-2	1.1704	0.69	1.26	1.6962318841	0.9288888889	0.5476190476	0.4804	0.8813088826	56.074	31.09	7.41	2.42975354706053E-06	37.26	52.7841681159	53.1850769985	54.98544973	-0.6246475392	1.2273261369	1
194413	R 3 c H	194415	I b m m	(Bi0.9La0.1)(FeO3)	LiNbO3	(Bi0.9La0.1)(FeO3)	Perovskite#BaPbO3#Ba(Pb.5Bi.5)O3	Knee, Christopher S.; Tucker, Matthew G.; Manuel, Pascal; Cai, Shengzhen; Bielecki, Johan; Boerjesson, Lars; Eriksson, Sten G.	5.5786(2) 5.5786(2) 13.809(1) 90 90 120	372.17	305.82	293	2014		Bi	0.9	La	0.1	Fe	1	_	0	O	3	5.5786	5.5786	13.809	90	90	120	161	trigonal	83	57	26	0	8	87	33	61	0	101	1.6	1.95	1.4	0	0.6	2.02	1.1	1.83	0	3.44	208.9804	138.90547	55.845	0	15.9994	21.31	22.39	7.09	0	17.36	8	13	80	0	0.02658	48	215	62	0	5.3	4.75	3.75	2.87	0	6.83	6	8	4	0	2	15	3	8	0	16	3	3	-2	1.1702	0.69	1.26	1.695942029	0.9287301587	0.5476190476	0.4802	0.8812363588	56.074	31.09	7.41	2.42975354706053E-06	37.26	52.784257971	53.1852943298	54.98544973	-0.6247034948	1.2272362819	0					Knee, Christopher S.; Tucker, Matthew G.; Manuel, Pascal; Cai, Shengzhen; Bielecki, Johan; Boerjesson, Lars; Eriksson, Sten G.	5.422(1) 5.5574(9) 7.740(2) 90 90 90	233.22	305.82	293	2014		O	3	5.422	5.5574	7.74	90	90	90	74	orthorhombic	83	57	26	0	8	87	33	61	0	101	1.6	1.95	1.4	0	0.6	2.02	1.1	1.83	0	3.44	208.9804	138.90547	55.845	0	15.9994	21.31	22.39	7.09	0	17.36	8	13	80	0	0.02658	48	215	62	0	5.3	4.75	3.75	2.87	0	6.83	6	8	4	0	2	15	3	8	0	16	3	3	-2	1.1702	0.69	1.26	1.695942029	0.9287301587	0.5476190476	0.4802	0.8812363588	56.074	31.09	7.41	2.42975354706053E-06	37.26	52.784257971	53.1852943298	54.98544973	-0.6247034948	1.2272362819	1
239771	R 3 c H	194415	I b m m	(Bi0.9La0.1)FeO3	LiNbO3	(Bi0.9La0.1)(FeO3)	Perovskite#BaPbO3#Ba(Pb.5Bi.5)O3	Saxena, Pallavi; Kumar, Ashwini; Sharma, Poorva; Varshney, Dinesh	5.576809 5.576809 13.823786 90 90 120	372.33	305.82	293	2016		Bi	0.9	La	0.1	Fe	1	_	0	O	3	5.576809	5.576809	13.823786	90	90	120	161	trigonal	83	57	26	0	8	87	33	61	0	101	1.6	1.95	1.4	0	0.6	2.02	1.1	1.83	0	3.44	208.9804	138.90547	55.845	0	15.9994	21.31	22.39	7.09	0	17.36	8	13	80	0	0.02658	48	215	62	0	5.3	4.75	3.75	2.87	0	6.83	6	8	4	0	2	15	3	8	0	16	3	3	-2	1.1702	0.69	1.26	1.695942029	0.9287301587	0.5476190476	0.4802	0.8812363588	56.074	31.09	7.41	2.42975354706053E-06	37.26	52.784257971	53.1852943298	54.98544973	-0.6247034948	1.2272362819	0					Knee, Christopher S.; Tucker, Matthew G.; Manuel, Pascal; Cai, Shengzhen; Bielecki, Johan; Boerjesson, Lars; Eriksson, Sten G.	5.422(1) 5.5574(9) 7.740(2) 90 90 90	233.22	305.82	293	2014		O	3	5.422	5.5574	7.74	90	90	90	74	orthorhombic	83	57	26	0	8	87	33	61	0	101	1.6	1.95	1.4	0	0.6	2.02	1.1	1.83	0	3.44	208.9804	138.90547	55.845	0	15.9994	21.31	22.39	7.09	0	17.36	8	13	80	0	0.02658	48	215	62	0	5.3	4.75	3.75	2.87	0	6.83	6	8	4	0	2	15	3	8	0	16	3	3	-2	1.1702	0.69	1.26	1.695942029	0.9287301587	0.5476190476	0.4802	0.8812363588	56.074	31.09	7.41	2.42975354706053E-06	37.26	52.784257971	53.1852943298	54.98544973	-0.6247034948	1.2272362819	1
195642	R 3 c H	195643	P n m a	(Bi0.825Sm0.175)(FeO3)	LiNbO3	(Bi0.825Sm0.175)(FeO3)	Perovskite#GdFeO3	Sharma, Poorva; Satapathy, S.; Varshney, Dinesh; Gupta, P.K.	5.5531(3) 5.5531(3) 13.7656(3) 90 90 120	367.62	302.5668	293	2015		Bi	0.825	Sm	0.175	Fe	1	_	0	O	3	5.5531	5.5531	13.7656	90	90	120	161	trigonal	83	62	26	0	8	87	28	61	0	101	1.6	1.85	1.4	0	0.6	2.02	1.17	1.83	0	3.44	208.9804	150.36	55.845	0	15.9994	21.31	19.98	7.09	0	17.36	8	13	80	0	0.02658	48	192	62	0	5.3	4.75	9	2.87	0	6.83	6	8	4	0	2	15	8	8	0	16	3	3	-2	1.1574	0.69	1.26	1.6773913043	0.9185714286	0.5476190476	0.4674	0.8765948374	56.074	31.09	7.41	2.42975354706053E-06	37.26	52.7900086957	53.199203533	54.98544973	-0.6282776836	1.2214855572	0					Sharma, Poorva; Satapathy, S.; Varshney, Dinesh; Gupta, P.K.	5.4135(3) 7.8749(3) 5.5830(3) 90 90 90	238.01	302.5668	293	2015		O	3	5.4135	7.8749	5.583	90	90	90	62	orthorhombic	83	62	26	0	8	87	28	61	0	101	1.6	1.85	1.4	0	0.6	2.02	1.17	1.83	0	3.44	208.9804	150.36	55.845	0	15.9994	21.31	19.98	7.09	0	17.36	8	13	80	0	0.02658	48	192	62	0	5.3	4.75	9	2.87	0	6.83	6	8	4	0	2	15	8	8	0	16	3	3	-2	1.1574	0.69	1.26	1.6773913043	0.9185714286	0.5476190476	0.4674	0.8765948374	56.074	31.09	7.41	2.42975354706053E-06	37.26	52.7900086957	53.199203533	54.98544973	-0.6282776836	1.2214855572	1
230687	R 3 c H	230688	P m -3 m	(Bi0.842Ca0.158)FeO3	LiNbO3	(Bi0.842Ca0.158)FeO3	Perovskite#CaTiO3	Xian, Huimin; Tang, Lingyun; Mao, Zhongquan; Zhang, Jiang; Chen, Xi	5.55504(41) 5.55504(41) 13.65699(417) 90 90 120	364.97	286.1408	293	2019		Bi	0.842	Ca	0.158	Fe	1	_	0	O	3	5.55504	5.55504	13.65699	90	90	120	161	trigonal	83	20	26	0	8	87	16	61	0	101	1.6	1.8	1.4	0	0.6	2.02	1	1.83	0	3.44	208.9804	40.078	55.845	0	15.9994	21.31	26.2	7.09	0	17.36	8	200	80	0	0.02658	48	160.8	62	0	5.3	4.75	5.58	2.87	0	6.83	6	4	4	0	2	15	2	8	0	16	3.263	2.8	-2	1.108425	0.702	1.26	1.5789529915	0.879702381	0.5571428571	0.406425	0.8535827616	56.074	31.09	7.41	2.42975354706053E-06	37.26	52.8274720085	53.2746297701	54.98544973	-0.6457930044	1.1840222443	0					Xian, Huimin; Tang, Lingyun; Mao, Zhongquan; Zhang, Jiang; Chen, Xi	3.95188(29) 3.95188(29) 3.95188(29) 90 90 90	61.71	286.1408	293	2019		O	3	3.95188	3.95188	3.95188	90	90	90	221	cubic	83	20	26	0	8	87	16	61	0	101	1.6	1.8	1.4	0	0.6	2.02	1	1.83	0	3.44	208.9804	40.078	55.845	0	15.9994	21.31	26.2	7.09	0	17.36	8	200	80	0	0.02658	48	160.8	62	0	5.3	4.75	5.58	2.87	0	6.83	6	4	4	0	2	15	2	8	0	16	3.263	2.8	-2	1.108425	0.702	1.26	1.5789529915	0.879702381	0.5571428571	0.406425	0.8535827616	56.074	31.09	7.41	2.42975354706053E-06	37.26	52.8274720085	53.2746297701	54.98544973	-0.6457930044	1.1840222443	1
230689	R 3 c H	230690	P m -3 m	(Bi0.793Ca0.207)FeO3	LiNbO3	(Bi0.793Ca0.207)FeO3	Perovskite#CaTiO3	Xian, Huimin; Tang, Lingyun; Mao, Zhongquan; Zhang, Jiang; Chen, Xi	5.4832(419) 5.4832(419) 13.63463(284) 90 90 120	355.01	277.8647	293	2019		Bi	0.793	Ca	0.207	Fe	1	_	0	O	3	5.4832	5.4832	13.63463	90	90	120	161	trigonal	83	20	26	0	8	87	16	61	0	101	1.6	1.8	1.4	0	0.6	2.02	1	1.83	0	3.44	208.9804	40.078	55.845	0	15.9994	21.31	26.2	7.09	0	17.36	8	200	80	0	0.02658	48	160.8	62	0	5.3	4.75	5.58	2.87	0	6.83	6	4	4	0	2	15	2	8	0	16	3.2461428571	2.9	-2	1.1026157143	0.696	1.26	1.5842179803	0.8750918367	0.5523809524	0.4066157143	0.8541010189	56.074	31.09	7.41	2.42975354706053E-06	37.26	52.822397734	53.2698830386	54.98544973	-0.6454023366	1.1890965189	0					Xian, Huimin; Tang, Lingyun; Mao, Zhongquan; Zhang, Jiang; Chen, Xi	3.94713(11) 3.94713(11) 3.94713(11) 90 90 90	61.49	277.8647	293	2019		O	3	3.94713	3.94713	3.94713	90	90	90	221	cubic	83	20	26	0	8	87	16	61	0	101	1.6	1.8	1.4	0	0.6	2.02	1	1.83	0	3.44	208.9804	40.078	55.845	0	15.9994	21.31	26.2	7.09	0	17.36	8	200	80	0	0.02658	48	160.8	62	0	5.3	4.75	5.58	2.87	0	6.83	6	4	4	0	2	15	2	8	0	16	3.2461428571	2.9	-2	1.1026157143	0.696	1.26	1.5842179803	0.8750918367	0.5523809524	0.4066157143	0.8541010189	56.074	31.09	7.41	2.42975354706053E-06	37.26	52.822397734	53.2698830386	54.98544973	-0.6454023366	1.1890965189	1
234554	R 3 c H	186700	R -3 c H	(La0.67Sr0.33)MnO3	LiNbO3	(La0.67Sr0.33)(MnO3)	Perovskite#LaAlO3	Arun, B.; Akshay, V.R.; Vasundhara, M.	5.4963(1) 5.4963(1) 13.3576(4) 90 90 120	349.46	224.9213	293	2018		La	0.67	Sr	0.33	Mn	1	_	0	O	3	5.4963	5.4963	13.3576	90	90	120	161	trigonal	57	38	25	0	8	33	15	60	0	101	1.95	2	1.4	0	0.6	1.1	0.95	1.55	0	3.44	138.90547	87.62	54.938045	0	15.9994	22.39	33.94	7.35	0	17.36	13	35	7.8	0	0.02658	215	197.2	68	0	5.3	3.75	6.08	8.89	0	6.83	8	5	4	0	2	3	2	7	0	16	2.67	3.4	-2	1.22084	0.74	1.26	1.6497837838	0.9689206349	0.5873015873	0.48084	0.8771093935	59.035125	36.66	9.5	5.42616245095584E-05	42.11	221.8310562162	222.2273256097	223.98544973	-0.6090733517	1.1992468141	0					Dhahri, N.; Dhahri, A.; Dhahri, J.; Hlil, E.K.; Dhahri, E.	5.4943(4) 5.4943(4) 13.3608(2) 90 90 120	349.29	224.9213	293	2013		O	3	5.4943	5.4943	13.3608	90	90	120	167	trigonal	57	38	25	0	8	33	15	60	0	101	1.95	2	1.4	0	0.6	1.1	0.95	1.55	0	3.44	138.90547	87.62	54.938045	0	15.9994	22.39	33.94	7.35	0	17.36	13	35	7.8	0	0.02658	215	197.2	68	0	5.3	3.75	6.08	8.89	0	6.83	8	5	4	0	2	3	2	7	0	16	2.67	3.4	-2	1.22084	0.74	1.26	1.6497837838	0.9689206349	0.5873015873	0.48084	0.8771093935	59.035125	36.66	9.5	5.42616245095584E-05	42.11	221.8310562162	222.2273256097	223.98544973	-0.6090733517	1.1992468141	1
234554	R 3 c H	236366	R -3 c H	(La0.67Sr0.33)MnO3	LiNbO3	(La0.67Sr0.33)MnO3	Perovskite#LaAlO3	Arun, B.; Akshay, V.R.; Vasundhara, M.	5.4963(1) 5.4963(1) 13.3576(4) 90 90 120	349.46	224.9213	293	2018		La	0.67	Sr	0.33	Mn	1	_	0	O	3	5.4963	5.4963	13.3576	90	90	120	161	trigonal	57	38	25	0	8	33	15	60	0	101	1.95	2	1.4	0	0.6	1.1	0.95	1.55	0	3.44	138.90547	87.62	54.938045	0	15.9994	22.39	33.94	7.35	0	17.36	13	35	7.8	0	0.02658	215	197.2	68	0	5.3	3.75	6.08	8.89	0	6.83	8	5	4	0	2	3	2	7	0	16	2.67	3.4	-2	1.22084	0.74	1.26	1.6497837838	0.9689206349	0.5873015873	0.48084	0.8771093935	59.035125	36.66	9.5	5.42616245095584E-05	42.11	221.8310562162	222.2273256097	223.98544973	-0.6090733517	1.1992468141	0					Mnefgui, Safa; Dhahri, Abdessalem; Dhahri, Jemai; Hlil, El-Kebir	5.4933(4) 5.4933(4) 13.354(6) 90 90 120	348.99	224.9213	293	2013		O	3	5.4933	5.4933	13.354	90	90	120	167	trigonal	57	38	25	0	8	33	15	60	0	101	1.95	2	1.4	0	0.6	1.1	0.95	1.55	0	3.44	138.90547	87.62	54.938045	0	15.9994	22.39	33.94	7.35	0	17.36	13	35	7.8	0	0.02658	215	197.2	68	0	5.3	3.75	6.08	8.89	0	6.83	8	5	4	0	2	3	2	7	0	16	2.67	3.4	-2	1.22084	0.74	1.26	1.6497837838	0.9689206349	0.5873015873	0.48084	0.8771093935	59.035125	36.66	9.5	5.42616245095584E-05	42.11	221.8310562162	222.2273256097	223.98544973	-0.6090733517	1.1992468141	1
237082	R 3 c H	258688	P n m a	(Bi0.8Dy0.2)FeO3	LiNbO3	(Bi0.8Dy0.2)FeO3	Perovskite#GdFeO3	Koval, V.; Skorvanek, I.; Reece, M.; Mitoseriu, L.; Yan, H.	5.5714(4) 5.5714(4) 13.8351(3) 90 90 120	371.91	303.531	293	2014		Bi	0.8	Dy	0.2	Fe	1	_	0	O	3	5.5714	5.5714	13.8351	90	90	120	161	trigonal	83	66	26	0	8	87	24	61	0	101	1.6	1.75	1.4	0	0.6	2.02	1.22	1.83	0	3.44	208.9804	162.5	55.845	0	15.9994	21.31	19.01	7.09	0	17.36	8	11	80	0	0.02658	48	163	62	0	5.3	4.75	3.59	2.87	0	6.83	6	8	4	0	2	15	12	8	0	16	3	3	-2	1.1464	0.69	1.26	1.6614492754	0.9098412698	0.5476190476	0.4564	0.8726060299	56.074	31.09	7.41	2.42975354706053E-06	37.26	52.7949507246	53.2111567545	54.98544973	-0.6313382429	1.2165435282	0					Kumar, Ashwini; Sharma, Poorva; Varshney, Dinesh	5.4014(5) 7.7822(4) 5.5904(5) 90 90 90	234.99	303.531	293	2015		O	3	5.4014	7.7822	5.5904	90	90	90	62	orthorhombic	83	66	26	0	8	87	24	61	0	101	1.6	1.75	1.4	0	0.6	2.02	1.22	1.83	0	3.44	208.9804	162.5	55.845	0	15.9994	21.31	19.01	7.09	0	17.36	8	11	80	0	0.02658	48	163	62	0	5.3	4.75	3.59	2.87	0	6.83	6	8	4	0	2	15	12	8	0	16	3	3	-2	1.1464	0.69	1.26	1.6614492754	0.9098412698	0.5476190476	0.4564	0.8726060299	56.074	31.09	7.41	2.42975354706053E-06	37.26	52.7949507246	53.2111567545	54.98544973	-0.6313382429	1.2165435282	1
241005	R 3 c H	247782	P 4 m m	Pb(Zr0.35Ti0.65)O3	LiNbO3	Pb(Zr0.35Ti0.65)O3	Perovskite#PbTiO3#BaTiO3	Mir, M.; Mastelaro, V.R.; Neves, P.P.; Doriguetto, A.C.; Garcia, D.; Lente, M.H.; Eiras, J.A.; Mascarenhas, Y.P.	5.7779174(9) 5.7779174(9) 14.26920510(15) 90 90 120	412.55	318.249	300	2007		Pb	1	_	0	Zr	0.35	Ti	0.65	O	3	5.7779174	5.7779174	14.2692051	90	90	120	161	trigonal	82	0	40	22	8	82	0	49	51	101	1.8	0	1.55	1.4	0.6	2.33	0	1.33	1.54	3.44	207.2	0	91.224	47.867	15.9994	18.26	0	14.02	10.64	17.36	35	0	23	22	0.02658	47	0	112	100	5.3	4.95	0	3.23	2.95	6.83	6	0	5	4	2	14	0	4	4	16	2	4	-2	1.33	0.78525	1.26	1.6937281121	1.0555555556	0.6232142857	0.54475	0.8954438642	104.838	87.94	6.8	3.66361486339432E-05	90.61	51.8510218879	52.2017157521	53.9997837642	-0.6129773259	1.161173234	0					Sahu, Niranjan; Panigrahi, S.; Kar, Manoranjan	3.9979(5) 3.9979(5) 4.1557(6) 90 90 90	66.42	318.249	293	2011		O	3	3.9979	3.9979	4.1557	90	90	90	99	tetragonal	82	0	40	22	8	82	0	49	51	101	1.8	0	1.55	1.4	0.6	2.33	0	1.33	1.54	3.44	207.2	0	91.224	47.867	15.9994	18.26	0	14.02	10.64	17.36	35	0	23	22	0.02658	47	0	112	100	5.3	4.95	0	3.23	2.95	6.83	6	0	5	4	2	14	0	4	4	16	2	4	-2	1.33	0.78525	1.26	1.6937281121	1.0555555556	0.6232142857	0.54475	0.8954438642	104.838	87.94	6.8	3.66361486339432E-05	90.61	51.8510218879	52.2017157521	53.9997837642	-0.6129773259	1.161173234	1
241376	R 3 c H	258452	P n m a	(Bi0.8Nd0.2)(FeO3)	LiNbO3	(Bi0.8Nd0.2)FeO3	Perovskite#GdFeO3	Navarro, M.C.; Jorge, G.; Negri, R.M.; Saleh Medina, L.M.; Gomez, M.I.	5.5740(2) 5.5740(2) 13.8229(3) 90 90 120	371.93	299.879	293	2015		Bi	0.8	Nd	0.2	Fe	1	_	0	O	3	5.574	5.574	13.8229	90	90	120	161	trigonal	83	60	26	0	8	87	30	61	0	101	1.6	1.85	1.4	0	0.6	2.02	1.14	1.83	0	3.44	208.9804	144.242	55.845	0	15.9994	21.31	20.59	7.09	0	17.36	8	17	80	0	0.02658	48	208	62	0	5.3	4.75	3.66	2.87	0	6.83	6	8	4	0	2	15	6	8	0	16	3	3	-2	1.1606	0.69	1.26	1.6820289855	0.9211111111	0.5476190476	0.4706	0.8777552177	56.074	31.09	7.41	2.42975354706053E-06	37.26	52.7885710145	53.1957262322	54.98544973	-0.6273854255	1.2229232384	0					Singh, Ompal; Agarwal, Ashish; Das, Amitabh; Sanghi, Sujata; Jindal, Anju	5.6008 7.8006 5.4495 90 90 90	238.08	299.879	293	2017		O	3	5.6008	7.8006	5.4495	90	90	90	62	orthorhombic	83	60	26	0	8	87	30	61	0	101	1.6	1.85	1.4	0	0.6	2.02	1.14	1.83	0	3.44	208.9804	144.242	55.845	0	15.9994	21.31	20.59	7.09	0	17.36	8	17	80	0	0.02658	48	208	62	0	5.3	4.75	3.66	2.87	0	6.83	6	8	4	0	2	15	6	8	0	16	3	3	-2	1.1606	0.69	1.26	1.6820289855	0.9211111111	0.5476190476	0.4706	0.8777552177	56.074	31.09	7.41	2.42975354706053E-06	37.26	52.7885710145	53.1957262322	54.98544973	-0.6273854255	1.2229232384	1
241376	R 3 c H	189039	P 1	(Bi0.8Nd0.2)(FeO3)	LiNbO3	(Bi0.8Nd0.2)(FeO3)	Perovskite#NaNbO3(P1)	Navarro, M.C.; Jorge, G.; Negri, R.M.; Saleh Medina, L.M.; Gomez, M.I.	5.5740(2) 5.5740(2) 13.8229(3) 90 90 120	371.93	299.879	293	2015		Bi	0.8	Nd	0.2	Fe	1	_	0	O	3	5.574	5.574	13.8229	90	90	120	161	trigonal	83	60	26	0	8	87	30	61	0	101	1.6	1.85	1.4	0	0.6	2.02	1.14	1.83	0	3.44	208.9804	144.242	55.845	0	15.9994	21.31	20.59	7.09	0	17.36	8	17	80	0	0.02658	48	208	62	0	5.3	4.75	3.66	2.87	0	6.83	6	8	4	0	2	15	6	8	0	16	3	3	-2	1.1606	0.69	1.26	1.6820289855	0.9211111111	0.5476190476	0.4706	0.8777552177	56.074	31.09	7.41	2.42975354706053E-06	37.26	52.7885710145	53.1957262322	54.98544973	-0.6273854255	1.2229232384	0					Kumar, Ashwini; Varshney, Dinesh	3.9162 3.9211 3.9229 90 90 90	60.24	299.879	293	2012		O	3	3.9162	3.9211	3.9229	90	90	90	1	triclinic	83	60	26	0	8	87	30	61	0	101	1.6	1.85	1.4	0	0.6	2.02	1.14	1.83	0	3.44	208.9804	144.242	55.845	0	15.9994	21.31	20.59	7.09	0	17.36	8	17	80	0	0.02658	48	208	62	0	5.3	4.75	3.66	2.87	0	6.83	6	8	4	0	2	15	6	8	0	16	3	3	-2	1.1606	0.69	1.26	1.6820289855	0.9211111111	0.5476190476	0.4706	0.8777552177	56.074	31.09	7.41	2.42975354706053E-06	37.26	52.7885710145	53.1957262322	54.98544973	-0.6273854255	1.2229232384	1
258451	R 3 c H	258452	P n m a	(Bi0.8Nd0.2)FeO3	LiNbO3	(Bi0.8Nd0.2)FeO3	Perovskite#GdFeO3	Singh, Ompal; Agarwal, Ashish; Das, Amitabh; Sanghi, Sujata; Jindal, Anju	5.5684 5.5684 13.7933 90 90 120	370.39	299.879	293	2017		Bi	0.8	Nd	0.2	Fe	1	_	0	O	3	5.5684	5.5684	13.7933	90	90	120	161	trigonal	83	60	26	0	8	87	30	61	0	101	1.6	1.85	1.4	0	0.6	2.02	1.14	1.83	0	3.44	208.9804	144.242	55.845	0	15.9994	21.31	20.59	7.09	0	17.36	8	17	80	0	0.02658	48	208	62	0	5.3	4.75	3.66	2.87	0	6.83	6	8	4	0	2	15	6	8	0	16	3	3	-2	1.1606	0.69	1.26	1.6820289855	0.9211111111	0.5476190476	0.4706	0.8777552177	56.074	31.09	7.41	2.42975354706053E-06	37.26	52.7885710145	53.1957262322	54.98544973	-0.6273854255	1.2229232384	0					Singh, Ompal; Agarwal, Ashish; Das, Amitabh; Sanghi, Sujata; Jindal, Anju	5.6008 7.8006 5.4495 90 90 90	238.08	299.879	293	2017		O	3	5.6008	7.8006	5.4495	90	90	90	62	orthorhombic	83	60	26	0	8	87	30	61	0	101	1.6	1.85	1.4	0	0.6	2.02	1.14	1.83	0	3.44	208.9804	144.242	55.845	0	15.9994	21.31	20.59	7.09	0	17.36	8	17	80	0	0.02658	48	208	62	0	5.3	4.75	3.66	2.87	0	6.83	6	8	4	0	2	15	6	8	0	16	3	3	-2	1.1606	0.69	1.26	1.6820289855	0.9211111111	0.5476190476	0.4706	0.8777552177	56.074	31.09	7.41	2.42975354706053E-06	37.26	52.7885710145	53.1957262322	54.98544973	-0.6273854255	1.2229232384	1
258451	R 3 c H	189039	P 1	(Bi0.8Nd0.2)FeO3	LiNbO3	(Bi0.8Nd0.2)(FeO3)	Perovskite#NaNbO3(P1)	Singh, Ompal; Agarwal, Ashish; Das, Amitabh; Sanghi, Sujata; Jindal, Anju	5.5684 5.5684 13.7933 90 90 120	370.39	299.879	293	2017		Bi	0.8	Nd	0.2	Fe	1	_	0	O	3	5.5684	5.5684	13.7933	90	90	120	161	trigonal	83	60	26	0	8	87	30	61	0	101	1.6	1.85	1.4	0	0.6	2.02	1.14	1.83	0	3.44	208.9804	144.242	55.845	0	15.9994	21.31	20.59	7.09	0	17.36	8	17	80	0	0.02658	48	208	62	0	5.3	4.75	3.66	2.87	0	6.83	6	8	4	0	2	15	6	8	0	16	3	3	-2	1.1606	0.69	1.26	1.6820289855	0.9211111111	0.5476190476	0.4706	0.8777552177	56.074	31.09	7.41	2.42975354706053E-06	37.26	52.7885710145	53.1957262322	54.98544973	-0.6273854255	1.2229232384	0					Kumar, Ashwini; Varshney, Dinesh	3.9162 3.9211 3.9229 90 90 90	60.24	299.879	293	2012		O	3	3.9162	3.9211	3.9229	90	90	90	1	triclinic	83	60	26	0	8	87	30	61	0	101	1.6	1.85	1.4	0	0.6	2.02	1.14	1.83	0	3.44	208.9804	144.242	55.845	0	15.9994	21.31	20.59	7.09	0	17.36	8	17	80	0	0.02658	48	208	62	0	5.3	4.75	3.66	2.87	0	6.83	6	8	4	0	2	15	6	8	0	16	3	3	-2	1.1606	0.69	1.26	1.6820289855	0.9211111111	0.5476190476	0.4706	0.8777552177	56.074	31.09	7.41	2.42975354706053E-06	37.26	52.7885710145	53.1957262322	54.98544973	-0.6273854255	1.2229232384	1
260331	R 3 c H	173741	P 4 m m	(K0.30Na0.70)(NbO3)	LiNbO3	(K0.30Na0.70)(NbO3)	Perovskite#PbTiO3#BaTiO3	Zhang, N.; Glazer, A.M.; Baker, D.; Thomas, P.A.	5.59214(6) 5.59214(6) 13.8430(2) 9 9 12	374.9	168.73	100	2009		K	0.3	Na	0.7	Nb	1	_	0	O	3	5.59214	5.59214	13.843	9	9	12	161	trigonal	19	11	41	0	8	10	11	53	0	101	2.2	1.8	1.45	0	0.6	0.82	0.93	1.6	0	3.44	39.0983	22.98976928	92.90638	0	15.9994	45.94	23.78	10.83	0	17.36	100	140	54	0	0.02658	289.7	162.7	98	0	5.3	5.23	4.23	3.3	0	6.83	4	3	5	0	2	1	1	5	0	16	1	5	-2	1.268	0.78	1.26	1.6256410256	1.0063492063	0.619047619	0.488	0.8762578151	85.752	44.86	5.42	0.0022	48.26	292.5623589744	292.9506167895	294.692712991	-0.5400309235	1.2376410256	0					Baker, D.W.; Thomas, P.A.; Zhang, N.; Glazer, A.M.	3.950920(10) 3.950920(10) 4.00852(2) 9 9 9	62.57	168.73	523	2009		O	3	3.95092	3.95092	4.00852	9	9	9	99	tetragonal	19	11	41	0	8	10	11	53	0	101	2.2	1.8	1.45	0	0.6	0.82	0.93	1.6	0	3.44	39.0983	22.98976928	92.90638	0	15.9994	45.94	23.78	10.83	0	17.36	100	140	54	0	0.02658	289.7	162.7	98	0	5.3	5.23	4.23	3.3	0	6.83	4	3	5	0	2	1	1	5	0	16	1	5	-2	1.268	0.78	1.26	1.6256410256	1.0063492063	0.619047619	0.488	0.8762578151	85.752	44.86	5.42	0.0022	48.26	292.5623589744	292.9506167895	294.692712991	-0.5400309235	1.2376410256	1
260332	R 3 c H	173741	P 4 m m	K0.30Na0.70(NbO3)	LiNbO3	(K0.30Na0.70)(NbO3)	Perovskite#PbTiO3#BaTiO3	Zhang, N.; Glazer, A.M.; Baker, D.; Thomas, P.A.	5.59326(6) 5.59326(6) 13.8432(2) 9 9 12	375.06	168.73	120	2009		K	0.3	Na	0.7	Nb	1	_	0	O	3	5.59326	5.59326	13.8432	9	9	12	161	trigonal	19	11	41	0	8	10	11	53	0	101	2.2	1.8	1.45	0	0.6	0.82	0.93	1.6	0	3.44	39.0983	22.98976928	92.90638	0	15.9994	45.94	23.78	10.83	0	17.36	100	140	54	0	0.02658	289.7	162.7	98	0	5.3	5.23	4.23	3.3	0	6.83	4	3	5	0	2	1	1	5	0	16	1	5	-2	1.268	0.78	1.26	1.6256410256	1.0063492063	0.619047619	0.488	0.8762578151	85.752	44.86	5.42	0.0022	48.26	292.5623589744	292.9506167895	294.692712991	-0.5400309235	1.2376410256	0					Baker, D.W.; Thomas, P.A.; Zhang, N.; Glazer, A.M.	3.950920(10) 3.950920(10) 4.00852(2) 9 9 9	62.57	168.73	523	2009		O	3	3.95092	3.95092	4.00852	9	9	9	99	tetragonal	19	11	41	0	8	10	11	53	0	101	2.2	1.8	1.45	0	0.6	0.82	0.93	1.6	0	3.44	39.0983	22.98976928	92.90638	0	15.9994	45.94	23.78	10.83	0	17.36	100	140	54	0	0.02658	289.7	162.7	98	0	5.3	5.23	4.23	3.3	0	6.83	4	3	5	0	2	1	1	5	0	16	1	5	-2	1.268	0.78	1.26	1.6256410256	1.0063492063	0.619047619	0.488	0.8762578151	85.752	44.86	5.42	0.0022	48.26	292.5623589744	292.9506167895	294.692712991	-0.5400309235	1.2376410256	1
16406	P -3 m 1	264503	F m -3 m	Ba2Ni(OsO6)	Ba2InCuO6	Ba2Ni(OsO6)	Elpasolite#K2NaAlF6#Ba2CaWO6	Treiber, U.; Kemmler-Sack, S.	5.735 5.735 14.076 90 90 120	400.94	619.584	293	1980	-1	Ba	1	_	0	Ni	0.5	Os	0.5	O	3	5.735	5.735	14.076	90	90	120	164	trigonal	56	0	28	76	8	14	0	67	63	101	2.15	0	1.35	1.3	0.6	0.89	0	1.91	2.2	3.44	137.327	0	58.6934	190.23	15.9994	38.16	0	6.59	8.42	17.36	18	0	91	88	0.02658	272	0	49	57	5.3	5.02	0	3.52	2.74	6.83	6	0	4	6	2	2	0	10	8	16	2	4	-2	1.49	0.7575	1.26	1.9669966997	1.1825396825	0.6011904762	0.7325	0.9638382395	37.151625	1.31	7.13	0.0312864431	6.78	276.7655033003	276.9968415399	278.9757233578	-0.4989429443	1.3059252711	0					Feng, Hai L.; Calder, Stuart; Ghimire, Madhav Prasad; Yuan, Ya-Hua; Shirako, Yuichi; Tsujimoto, Yoshihiro; Matsushita, Yoshitaka; Hu, Zhiwei; Kuo, Chang-Yang; Tjeng, Liu Han; Pi, Tun-Wen; Soo, Yun-Liang; He, Jianfeng; Tanaka, Masahiko; Katsuya, Yoshio; Richter, Manuel; Yamaura, Kazunari	8.0428(1) 8.0428(1) 8.0428(1) 90 90 90	520.26	619.584	293	2016		O	3	8.0428	8.0428	8.0428	90	90	90	225	cubic	56	0	28	76	8	14	0	67	63	101	2.15	0	1.35	1.3	0.6	0.89	0	1.91	2.2	3.44	137.327	0	58.6934	190.23	15.9994	38.16	0	6.59	8.42	17.36	18	0	91	88	0.02658	272	0	49	57	5.3	5.02	0	3.52	2.74	6.83	6	0	4	6	2	2	0	10	8	16	2	4	-2	1.49	0.7575	1.26	1.9669966997	1.1825396825	0.6011904762	0.7325	0.9638382395	37.151625	1.31	7.13	0.0312864431	6.78	276.7655033003	276.9968415399	278.9757233578	-0.4989429443	1.3059252711	1
24431	R -3 H	188331	P 1 21/n 1	Mn(Fe0.5Sb0.5)O3	Ilmenite#TiFeO3	Mn2(FeSb)O6	Perovskite#Ba2LaRuO6#Cu2NdNbO6	Moore, P.B.	5.226(5) 5.226(5) 14.325(13) 90 90 120	338.82	191.737	293	1968	10	Mn	1	_	0	Fe	0.5	Sb	0.5	O	3	5.226	5.226	14.325	90	90	120	148	trigonal	25	0	26	51	8	60	0	61	88	101	1.4	0	1.4	1.45	0.6	1.55	0	1.83	2.05	3.44	54.938045	0	55.845	121.76	15.9994	7.35	0	7.09	18.19	17.36	7.8	0	80	24	0.02658	68	0	62	43	5.3	8.89	0	2.87	4.51	6.83	4	0	4	5	2	7	0	8	15	16	2	4	-2	0.81	0.715	1.26	1.1328671329	0.6428571429	0.5674603175	0.095	0.7411195124	57.426	45.25	5.12	0.0001046296	51.42	70.9621328671	71.6082523796	72.98544973	-0.7210465558	1.0545337995	0					dos Santos-Garcia, A.J.; Ritter, C.; Solana-Madruga, E.; Saez-Puche, R.	5.234(1) 5.389(1) 7.642(1) 90 90.372 90	215.55	383.474	300	2013		O	3	5.234	5.389	7.642	90	90.372	90	14	monoclinic	25	0	26	51	8	60	0	61	88	101	1.4	0	1.4	1.45	0.6	1.55	0	1.83	2.05	3.44	54.938045	0	55.845	121.76	15.9994	7.35	0	7.09	18.19	17.36	7.8	0	80	24	0.02658	68	0	62	43	5.3	8.89	0	2.87	4.51	6.83	4	0	4	5	2	7	0	8	15	16	2	4	-2	0.81	0.715	1.26	1.1328671329	0.6428571429	0.5674603175	0.095	0.7411195124	57.426	45.25	5.12	0.0001046296	51.42	70.9621328671	71.6082523796	72.98544973	-0.7210465558	1.0545337995	1
24431	R -3 H	181147	P 1 21/n 1	Mn(Fe0.5Sb0.5)O3	Ilmenite#TiFeO3	Mn2(FeSbO6)	Perovskite#Ba2LaRuO6#Cu2NdNbO6	Moore, P.B.	5.226(5) 5.226(5) 14.325(13) 90 90 120	338.82	191.737	293	1968	10	Mn	1	_	0	Fe	0.5	Sb	0.5	O	3	5.226	5.226	14.325	90	90	120	148	trigonal	25	0	26	51	8	60	0	61	88	101	1.4	0	1.4	1.45	0.6	1.55	0	1.83	2.05	3.44	54.938045	0	55.845	121.76	15.9994	7.35	0	7.09	18.19	17.36	7.8	0	80	24	0.02658	68	0	62	43	5.3	8.89	0	2.87	4.51	6.83	4	0	4	5	2	7	0	8	15	16	2	4	-2	0.81	0.715	1.26	1.1328671329	0.6428571429	0.5674603175	0.095	0.7411195124	57.426	45.25	5.12	0.0001046296	51.42	70.9621328671	71.6082523796	72.98544973	-0.7210465558	1.0545337995	0					Tyutyunnik, A.P.; Bazuev, G.V.; Kuznetsov, M.V.; Zainulin, Yu.G.	5.2431(3) 5.3935(3) 7.6358(5) 90 89.963(2) 90	215.93	383.474	293	2011		O	3	5.2431	5.3935	7.6358	90	89.963	90	14	monoclinic	25	0	26	51	8	60	0	61	88	101	1.4	0	1.4	1.45	0.6	1.55	0	1.83	2.05	3.44	54.938045	0	55.845	121.76	15.9994	7.35	0	7.09	18.19	17.36	7.8	0	80	24	0.02658	68	0	62	43	5.3	8.89	0	2.87	4.51	6.83	4	0	4	5	2	7	0	8	15	16	2	4	-2	0.81	0.715	1.26	1.1328671329	0.6428571429	0.5674603175	0.095	0.7411195124	57.426	45.25	5.12	0.0001046296	51.42	70.9621328671	71.6082523796	72.98544973	-0.7210465558	1.0545337995	1
