StructuredFormula	Bandgap	Predicted_Bandgap
(Ba0.875Zn0.125)CoO3	0.0	0.0
(Ba0.875Zn0.125)NiO3	0.0	0.0
(Ba0.75Zn0.25)CoO3	0.0	0.0
(Ba0.75Zn0.25)NiO3	0.0	0.0
(La0.875Zn0.125)CoO3	0.0	0.0
(La0.875Zn0.125)NiO3	0.0	0.0318
(La0.75Zn0.25)CoO3	0.0	0.0
(La0.75Zn0.25)NiO3	0.0	0.0318
(La0.625Zn0.375)CoO3	0.0	0.0
(La0.625Zn0.375)NiO3	0.0	0.0638
(Pr0.875Zn0.125)CoO3	0.0	0.0
(Pr0.875Zn0.125)FeO3	0.0	0.0
(Pr0.875Zn0.125)NiO3	0.0	0.0318
(Pr0.75Zn0.25)CoO3	0.0	0.0
(Pr0.75Zn0.25)FeO3	0.0	0.0
(Pr0.75Zn0.25)NiO3	0.0	0.0318
(Sr0.875Zn0.125)CoO3	0.0	0.6033999999999999
(Sr0.875Zn0.125)NiO3	0.0	1.0912
(Sr0.75Zn0.25)CoO3	0.0	0.16040000000000001
(Sr0.75Zn0.25)NiO3	0.0	1.0912
(Y0.875Zn0.125)CoO3	0.0	0.13540000000000002
(Y0.875Zn0.125)NiO3	0.0	0.07120000000000001
(Y0.75Zn0.25)CoO3	0.0	0.0
(Y0.75Zn0.25)NiO3	0.0	0.21400000000000002
Ba(Hf0.5Co0.5)O3	0.0	0.0
Ba(Hf0.75Co0.25)O3	0.0	0.0
Ba(Hf0.875Co0.125)O3	0.0	0.0
Ba(Nb0.5Co0.5)O3	0.45	0.309
Ba(Nb0.875Co0.125)O3	0.0	0.0
Ba(Ta0.5Co0.5)O3	0.302	0.667
Ba(Ta0.875Co0.125)O3	0.0	0.060399999999999995
Ba(Zr0.5Co0.5)O3	0.0	0.0242
Ba(Zr0.75Co0.25)O3	0.121	0.0
Ba(Zr0.875Co0.125)O3	0.0	0.0242
Ba(Nb0.5Fe0.5)O3	1.545	0.09
Ba(Nb0.75Fe0.25)O3	0.0	0.309
Ba(Nb0.875Fe0.125)O3	0.0	0.309
Ba(Ta0.5Fe0.5)O3	1.663	0.393
Ba(Ta0.75Fe0.25)O3	0.0	0.060399999999999995
Ba(Ta0.875Fe0.125)O3	0.0	0.060399999999999995
Ba(Fe0.5Ir0.5)O3	0.0	0.1014
Ba(Fe0.5Mo0.5)O3	0.507	0.0
Ba(Fe0.875Os0.125)O3	0.0	0.0
Ba(Fe0.75Os0.25)O3	0.0	0.0
Ba(Fe0.5Os0.5)O3	0.0	0.0
Ba(Fe0.5Pt0.5)O3	0.0	0.0
Ba(Fe0.75Re0.25)O3	0.0	0.0
Ba(Fe0.5Re0.5)O3	0.0	0.0
Ba(Fe0.5Ru0.5)O3	0.0	0.1014
Ba(Ta0.5Fe0.5)O3	1.672	0.393
Ba(Fe0.75Tc0.25)O3	0.0	0.0
Ba(Fe0.5Tc0.5)O3	0.0	0.0
Ba(Hf0.5Ni0.5)O3	0.0	0.0
Ba(Hf0.75Ni0.25)O3	0.0	0.0
Ba(Hf0.875Ni0.125)O3	0.0	0.0
Ba(Nb0.5Ni0.5)O3	0.0	0.39899999999999997
Ba(Nb0.75Fe0.25)O3	0.0	0.309
Ba(Nb0.875Ni0.125)O3	0.0	0.0
Ba(Ta0.5Ni0.5)O3	0.0	0.7274
Ba(Ta0.875Ni0.125)O3	0.0	0.060399999999999995
Ba(Zr0.5Ni0.5)O3	0.0	0.0242
Ba(Zr0.75Ni0.25)O3	0.0	0.0242
Ba(Zr0.875Ni0.125)O3	0.0	0.0242
(Ba0.25La0.75)CoO3	0.0	0.17640000000000003
(Ba0.5La0.5)CoO3	0.0	0.1418
(Ca0.25La0.75)CoO3	0.0	0.0
(Ca0.5La0.5)CoO3	0.0	0.13979999999999998
(La0.75Dy0.25)CoO3	0.0	0.0
(La0.5Dy0.5)CoO3	0.0	0.0
(La0.75Gd0.25)CoO3	0.0	0.0
(La0.5Gd0.5)CoO3	0.0	0.0
(La0.5Ho0.5)CoO3	0.0	0.0
(La0.75Nd0.25)CoO3	0.0	0.0
(La0.5Nd0.5)CoO3	0.0	0.0
(La0.75Sm0.25)CoO3	0.0	0.0
(La0.5Sm0.5)CoO3	0.0	0.253
(Sr0.25La0.75)CoO3	0.0	0.0366
(Sr0.5La0.5)CoO3	0.183	0.0
La(Cr0.125Co0.875)O3	0.0	0.5948
La(Cr0.25Co0.75)O3	0.21600000000000003	0.8744
La(Fe0.125Co0.875)O3	0.0	0.0
La(Fe0.25Co0.75)O3	0.0	0.0
La(Mg0.125Co0.875)O3	0.0	0.0
La(Mg0.25Co0.75)O3	0.0	0.0
La(Mg0.5Co0.5)O3	0.0	0.327
La(Mn0.125Co0.875)O3	0.121	0.0362
La(Mn0.25Co0.75)O3	0.18100000000000002	0.0922
La(Co0.875Ni0.125)O3	0.336	0.3646
La(Co0.75Ni0.25)O3	0.0	0.23199999999999998
La(Co0.5Ni0.5)O3	0.0	0.7716
(Ba0.25La0.75)CrO3	0.0	0.22680000000000003
(Ba0.5La0.5)CrO3	0.0	0.08499999999999999
(Ca0.25La0.75)CrO3	0.355	0.14020000000000002
(Ca0.5La0.5)CrO3	0.35700000000000004	0.3976
(La0.5Dy0.5)CrO3	2.1	1.5094
(La0.75Gd0.25)CrO3	0.555	1.8160000000000003
(La0.5Gd0.5)CrO3	0.557	1.7952000000000001
(La0.75Ho0.25)CrO3	2.011	1.2242000000000002
(La0.5Ho0.5)CrO3	2.074	1.6244
(La0.75Nd0.25)CrO3	2.009	2.0563999999999996
(La0.5Nd0.5)CrO3	2.04	1.7921999999999998
(La0.75Sm0.25)CrO3	1.982	2.0618
(La0.5Sm0.5)CrO3	2.0709999999999997	1.786
(Sr0.25La0.75)CrO3	0.0	0.491
(Sr0.5La0.5)CrO3	0.35600000000000004	0.3168
La(Cr0.875Co0.125)O3	0.48	0.8408
La(Cr0.75Co0.25)O3	0.0	1.5574
La(Cr0.5Co0.5)O3	0.5589999999999999	1.3012000000000001
La(Cr0.875Fe0.125)O3	1.946	0.5475999999999999
La(Cr0.75Fe0.25)O3	1.8419999999999999	1.189
La(Mg0.125Cr0.875)O3	0.0	0.0
La(Mg0.25Cr0.75)O3	0.0	0.327
La(Mg0.5Cr0.5)O3	0.0	0.327
La(Mn0.125Cr0.875)O3	0.21100000000000002	0.27220000000000005
La(Mn0.25Cr0.75)O3	0.392	0.3926
La(Mn0.5Cr0.5)O3	0.602	0.5094000000000001
La(Cr0.875Ni0.125)O3	0.152	1.56
La(Cr0.75Ni0.25)O3	0.264	1.9487999999999999
La(Cr0.5Ni0.5)O3	0.757	1.0322
(La0.75Dy0.25)FeO3	1.232	1.7062000000000002
(La0.5Dy0.5)FeO3	1.304	1.6194
(La0.75Gd0.25)FeO3	0.0	0.0
(La0.5Gd0.5)FeO3	0.0	0.6612
(La0.75Ho0.25)FeO3	1.2329999999999999	2.0037999999999996
(La0.5Ho0.5)FeO3	1.305	2.3923999999999994
(La0.75Nd0.25)FeO3	1.196	1.0030000000000001
(La0.5Nd0.5)FeO3	1.229	1.671
(La0.75Sm0.25)FeO3	1.232	0.75
(La0.5Sm0.5)FeO3	1.266	2.1166000000000005
La(Fe0.875Co0.125)O3	1.09	0.7676000000000001
La(Fe0.75Co0.25)O3	0.988	0.21800000000000003
La(Fe0.5Co0.5)O3	0.136	0.0
La(Cr0.125Fe0.875)O3	1.226	0.9305999999999999
La(Cr0.25Fe0.75)O3	1.158	0.9442000000000002
La(Cr0.5Fe0.5)O3	1.84	0.9251999999999999
La(Mn0.125Fe0.875)O3	0.342	0.31799999999999995
La(Mn0.25Fe0.75)O3	0.578	0.39499999999999996
La(Mn0.5Fe0.5)O3	0.545	0.36340000000000006
La(Fe0.875Ni0.125)O3	0.0	0.9856
La(Fe0.75Ni0.25)O3	0.0	0.4156000000000001
La(Fe0.5Ni0.5)O3	0.0	0.027200000000000002
(La0.75Dy0.25)GaO3	3.247	2.7996
(La0.5Dy0.5)GaO3	3.323	3.2796
(La0.75Gd0.25)GaO3	2.935	2.7883999999999998
(La0.5Gd0.5)GaO3	3.0589999999999997	2.3228
(La0.75Ho0.25)GaO3	3.228	2.8548
(La0.5Ho0.5)GaO3	3.327	3.3
(La0.75Nd0.25)GaO3	3.266	1.971
(La0.5Nd0.5)GaO3	3.295	2.6228000000000002
(La0.75Sm0.25)GaO3	3.2539999999999996	2.6310000000000002
(La0.5Sm0.5)GaO3	3.31	3.2182000000000004
La(Ga0.875Co0.125)O3	0.883	1.1456
La(Ga0.75Co0.25)O3	0.826	1.157
La(Ga0.5Co0.5)O3	0.71	1.588
La(Cr0.125Ga0.875)O3	3.1489999999999996	1.0345999999999997
La(Cr0.25Ga0.75)O3	2.701	1.6059999999999999
La(Mn0.5Ga0.5)O3	2.342	0.5436
La(Ga0.875Fe0.125)O3	2.479	0.8263999999999999
La(Ga0.75Fe0.25)O3	2.309	0.8604
La(Ga0.5Fe0.5)O3	2.14	1.302
La(Mn0.125Ga0.875)O3	1.531	1.0097999999999998
La(Mn0.25Ga0.75)O3	0.898	1.2486000000000002
La(Ga0.875Ni0.125)O3	0.0	1.2242000000000002
La(Ga0.75Ni0.25)O3	0.114	0.6942
La(Ga0.5Ni0.5)O3	0.0	1.1838000000000002
(Ba0.25La0.75)MnO3	0.0	0.0
(Ca0.25La0.75)MnO3	0.0	0.0
(Ca0.5La0.5)MnO3	0.0	0.0
(La0.75Dy0.25)MnO3	0.0	0.0
(La0.5Dy0.5)MnO3	0.0	0.0
(La0.75Gd0.25)MnO3	0.0	0.0
(La0.5Gd0.5)MnO3	0.0	0.0
(La0.75Ho0.25)MnO3	0.0	0.0
(La0.5Ho0.5)MnO3	0.0	0.0
(La0.75Nd0.25)MnO3	0.0	0.0
(La0.5Nd0.5)MnO3	0.0	0.0
(La0.75Sm0.25)MnO3	0.0	0.0
(La0.5Sm0.5)MnO3	0.0	0.0
(Sr0.25La0.75)MnO3	0.0	1.4382
(Sr0.5La0.5)MnO3	0.0	0.7163999999999999
La(Mn0.875Co0.125)O3	0.0	0.1666
La(Mn0.75Co0.25)O3	0.0	0.0
La(Mn0.5Co0.5)O3	0.787	0.4412000000000001
La(Mn0.875Cr0.125)O3	0.0	0.1666
La(Mn0.75Cr0.25)O3	0.0	0.1666
La(Mn0.875Fe0.125)O3	0.0	0.22719999999999999
La(Mn0.75Fe0.25)O3	0.0	0.0
La(Mg0.125Mn0.875)O3	0.0	0.6016
La(Mg0.25Mn0.75)O3	0.0	0.6016
La(Mg0.5Mn0.5)O3	1.4980000000000002	0.302
La(Mn0.875Ni0.125)O3	0.0	0.22719999999999999
La(Mn0.75Ni0.25)O3	0.0	0.1666
La(Mn0.5Ni0.5)O3	1.215	0.31120000000000003
(Ba0.25La0.75)NiO3	0.0	0.17640000000000003
(Ba0.5La0.5)NiO3	0.0	0.0
(Ca0.25La0.75)NiO3	0.0	0.0
(Ca0.5La0.5)NiO3	0.0	0.0
(La0.75Dy0.25)NiO3	0.0	0.0
(La0.5Dy0.5)NiO3	0.0	0.0
(La0.75Gd0.25)NiO3	0.0	0.9795999999999999
(La0.75Ho0.25)NiO3	0.0	0.6612
(La0.5Ho0.5)NiO3	0.0	0.0
(La0.75Nd0.25)NiO3	0.0	0.0
(La0.5Nd0.5)NiO3	0.0	0.4992
(La0.75Sm0.25)NiO3	0.0	0.0
(La0.5Sm0.5)NiO3	0.0	1.467
(Sr0.25La0.75)NiO3	0.0	0.0
(Sr0.5La0.5)NiO3	0.0	0.0
La(Co0.125Ni0.875)O3	0.0	0.5788
La(Co0.25Ni0.75)O3	0.0	0.5788
La(Cr0.125Ni0.875)O3	0.0	0.1056
La(Cr0.25Ni0.75)O3	0.0	0.7285999999999999
La(Fe0.125Ni0.875)O3	0.0	0.0
La(Fe0.25Ni0.75)O3	0.0	0.0
La(Mg0.125Ni0.875)O3	0.0	0.0
La(Mg0.25Ni0.75)O3	0.0	0.0
La(Mg0.5Ni0.5)O3	0.8	0.16699999999999998
La(Mn0.125Ni0.875)O3	0.0	0.06040000000000001
La(Mn0.25Ni0.75)O3	0.0	0.5548
(La0.75Dy0.25)ScO3	3.7060000000000004	3.7725999999999997
(La0.5Dy0.5)ScO3	3.8510000000000004	3.6386000000000003
(La0.75Gd0.25)ScO3	2.9339999999999997	3.9270000000000005
(La0.5Gd0.5)ScO3	3.055	3.797800000000001
(La0.75Ho0.25)ScO3	3.708	3.562
(La0.5Ho0.5)ScO3	3.85	3.6388000000000007
(La0.75Nd0.25)ScO3	3.699	3.7088
(La0.5Nd0.5)ScO3	3.7880000000000003	3.6130000000000004
(La0.75Sm0.25)ScO3	3.701	4.025
(La0.5Sm0.5)ScO3	3.819	3.7594000000000003
La(Sc0.875Co0.125)O3	1.032	0.9118
La(Sc0.75Co0.25)O3	0.9159999999999999	0.7495999999999999
La(Sc0.5Co0.5)O3	0.8290000000000001	1.1368
La(Sc0.875Cr0.125)O3	2.948	1.9908000000000001
La(Sc0.75Cr0.25)O3	2.807	1.9072000000000002
La(Sc0.5Cr0.5)O3	2.8360000000000003	1.8209999999999997
La(Sc0.875Fe0.125)O3	2.447	0.8160000000000001
La(Sc0.75Fe0.25)O3	2.31	1.1182
La(Sc0.5Fe0.5)O3	2.173	1.4352
La(Sc0.875Mn0.125)O3	1.3619999999999999	1.033
La(Sc0.75Mn0.25)O3	0.75	1.4302
La(Sc0.5Mn0.5)O3	1.048	0.8678000000000001
La(Sc0.875Ni0.125)O3	0.0	1.0908000000000002
La(Sc0.75Ni0.25)O3	0.0	0.44939999999999997
La(Sc0.5Ni0.5)O3	0.228	1.2570000000000001
(Ba0.25La0.75)TiO3	0.0	0.15560000000000002
(Ba0.5La0.5)TiO3	0.0	0.08499999999999999
(Ca0.25La0.75)TiO3	0.0	0.9199999999999999
(Ca0.5La0.5)TiO3	0.0	0.251
(La0.75Dy0.25)TiO3	0.0	0.0
(La0.5Dy0.5)TiO3	0.0	0.0
(La0.75Gd0.25)TiO3	0.0	0.0
(La0.5Gd0.5)TiO3	0.0	0.0
(La0.75Ho0.25)TiO3	0.0	0.0
(La0.5Ho0.5)TiO3	0.0	0.0
(La0.75Nd0.25)TiO3	0.0	0.7272000000000001
(La0.5Nd0.5)TiO3	0.0	0.0
(La0.75Sm0.25)TiO3	0.0	0.978
(La0.5Sm0.5)TiO3	0.0	0.0
(Sr0.25La0.75)TiO3	0.0	0.0
(Sr0.5La0.5)TiO3	0.0	0.9762000000000001
La(Ti0.5Co0.5)O3	1.82	2.0478
La(Ti0.875Cr0.125)O3	0.0	0.0
La(Ti0.75Cr0.25)O3	0.0	0.0
La(Ti0.5Cr0.5)O3	0.608	0.9578
La(Ti0.875Fe0.125)O3	0.0	0.0
La(Ti0.75Fe0.25)O3	0.0	0.0
La(Ti0.5Fe0.5)O3	1.689	2.0740000000000003
La(Mg0.125Ti0.875)O3	0.0	0.0
La(Mg0.25Ti0.75)O3	0.0	0.0
La(Mg0.5Ti0.5)O3	2.931	0.588
La(Ti0.875Mn0.125)O3	0.0	0.1974
La(Ti0.75Mn0.25)O3	0.0	0.1974
La(Ti0.5Mn0.5)O3	1.655	0.055799999999999995
La(Ti0.75Ni0.25)O3	0.0	0.0
La(Ti0.5Ni0.5)O3	2.611	1.8896000000000002
(Ba0.25La0.75)VO3	0.6920000000000001	0.071
(Ba0.5La0.5)VO3	0.425	0.0
(Ca0.25La0.75)VO3	0.502	0.087
(Ca0.5La0.5)VO3	0.696	0.3298
(La0.75Dy0.25)VO3	1.219	0.7130000000000001
(La0.5Dy0.5)VO3	1.1909999999999998	0.7398
(La0.75Gd0.25)VO3	0.0	0.9568
(La0.5Gd0.5)VO3	0.0	0.489
(La0.75Ho0.25)VO3	1.22	0.7128
(La0.5Ho0.5)VO3	1.229	0.7322
(La0.75Nd0.25)VO3	1.18	1.5868
(La0.75Sm0.25)VO3	1.143	1.4038
(La0.5Sm0.5)VO3	1.153	0.7356
(Sr0.25La0.75)VO3	0.654	0.3126
(Sr0.5La0.5)VO3	0.618	0.37439999999999996
La(V0.875Co0.125)O3	0.654	0.7382000000000001
La(V0.75Co0.25)O3	0.578	0.5482
La(V0.5Co0.5)O3	1.2690000000000001	1.4298
La(V0.875Cr0.125)O3	0.987	0.4756
La(V0.75Cr0.25)O3	1.175	0.6714
La(V0.5Cr0.5)O3	1.177	1.5084
La(V0.875Fe0.125)O3	0.8340000000000001	0.7022
La(V0.75Fe0.25)O3	0.8340000000000001	0.39699999999999996
La(V0.5Fe0.5)O3	0.871	1.5093999999999999
La(Mg0.125V0.875)O3	0.0	0.0
La(Mg0.25V0.75)O3	0.0	0.0
La(Mg0.5V0.5)O3	0.0	1.1742000000000001
La(Mn0.125V0.875)O3	1.137	0.47300000000000003
La(Mn0.25V0.75)O3	0.6940000000000001	0.5738000000000001
La(Mn0.5V0.5)O3	0.303	0.32439999999999997
La(V0.875Ni0.125)O3	0.616	0.4686
La(V0.75Ni0.25)O3	0.5	0.9032
La(V0.5Ni0.5)O3	1.307	1.2882
(Ba0.5Ce0.5)MnO3	0.0	0.0
(Ba0.5Dy0.5)MnO3	0.0	0.0366
(Ba0.5Er0.5)MnO3	0.0	0.0
(Ba0.5Gd0.5)MnO3	0.0	0.0366
(Ba0.5Ho0.5)MnO3	0.0	0.0366
(Ba0.5La0.5)MnO3	0.0	0.0318
(Ba0.5Nd0.5)MnO3	0.0	0.24080000000000004
(Ba0.5Pr0.5)MnO3	0.0	0.1308
(Ba0.5Sm0.5)MnO3	0.0	0.0318
(Ba0.5Y0.5)MnO3	0.0	0.6638000000000001
(Ba0.5Bi0.5)FeO3	0.0	0.0
(Ba0.5Sn0.5)FeO3	0.0	0.034600000000000006
(Ba0.5Gd0.5)CoO3	0.0	0.0
(Bi0.5Pr0.5)CoO3	0.0	0.0
(Cd0.5Pr0.5)NiO3	0.0	0.0256
(Sn0.5Pr0.5)NiO3	0.0	0.0
(Sr0.5Sm0.5)CoO3	0.0	0.0
(Ba0.25Pr0.75)CoO3	0.0	0.1418
(Ba0.5Pr0.5)CoO3	0.0	0.0
(Ca0.25Pr0.75)CoO3	0.0	0.0
(Ca0.5Pr0.5)CoO3	0.0	0.071
(Pr0.75Dy0.25)CoO3	0.0	0.0
(Pr0.5Dy0.5)CoO3	0.0	0.0
(Pr0.75Gd0.25)CoO3	0.0	0.0
(Pr0.5Gd0.5)CoO3	0.0	0.0
(Pr0.75Ho0.25)CoO3	0.0	0.0
(Pr0.5Ho0.5)CoO3	0.0	0.0
(Pr0.75Nd0.25)CoO3	0.0	0.15560000000000002
(Pr0.5Nd0.5)CoO3	0.0	0.15560000000000002
(Pr0.75Sm0.25)CoO3	0.778	0.0
(Pr0.5Sm0.5)CoO3	0.0	0.0
(Sr0.25Pr0.75)CoO3	0.0	0.0
(Sr0.5Pr0.5)CoO3	0.0	0.0366
Pr(Cr0.125Co0.875)O3	0.33899999999999997	0.567
Pr(Cr0.25Co0.75)O3	0.14	0.5913999999999999
Pr(Cr0.5Co0.5)O3	0.528	1.027
Pr(Fe0.125Co0.875)O3	0.0	0.0
Pr(Fe0.25Co0.75)O3	0.0	0.0
Pr(Fe0.5Co0.5)O3	0.0	0.0
Pr(Mg0.125Co0.875)O3	0.0	0.0
Pr(Mg0.25Co0.75)O3	0.0	0.0
Pr(Mg0.5Co0.5)O3	0.0	0.16699999999999998
Pr(Mn0.125Co0.875)O3	0.0	0.0742
Pr(Mn0.25Co0.75)O3	0.0	0.1526
Pr(Co0.875Ni0.125)O3	0.0	0.7222
Pr(Co0.75Ni0.25)O3	0.55	0.19039999999999999
Pr(Co0.5Ni0.5)O3	0.0	0.5788
(Ba0.25Pr0.75)CrO3	0.0	0.1418
(Ba0.5Pr0.5)CrO3	0.17300000000000001	0.0
(Ca0.25Pr0.75)CrO3	0.0	0.2112
(Ca0.5Pr0.5)CrO3	0.344	0.261
(Pr0.75Dy0.25)CrO3	2.095	1.2074000000000003
(Pr0.5Dy0.5)CrO3	2.141	1.5012
(Pr0.75Gd0.25)CrO3	0.74	1.779
(Pr0.5Gd0.5)CrO3	0.631	1.7804000000000002
(Pr0.75Ho0.25)CrO3	2.0980000000000003	1.3158
(Pr0.5Ho0.5)CrO3	2.144	1.6103999999999998
(Pr0.75Nd0.25)CrO3	2.063	2.0456
(Pr0.5Nd0.5)CrO3	2.0709999999999997	1.786
(Pr0.75Sm0.25)CrO3	2.065	2.0452000000000004
(Pr0.5Sm0.5)CrO3	2.101	2.0707999999999998
(Sr0.25Pr0.75)CrO3	0.0	0.268
(Sr0.5Pr0.5)CrO3	0.34600000000000003	0.29379999999999995
Pr(Cr0.875Co0.125)O3	0.528	2.0368000000000004
Pr(Cr0.75Co0.25)O3	0.501	1.732
Pr(Cr0.875Fe0.125)O3	2.052	0.8193999999999999
Pr(Cr0.75Fe0.25)O3	1.9469999999999998	1.4428
Pr(Mg0.125Cr0.875)O3	0.0	0.0
Pr(Mg0.25Cr0.75)O3	0.0	0.327
Pr(Mg0.5Cr0.5)O3	0.0	0.327
Pr(Mn0.125Cr0.875)O3	0.25	0.2644
Pr(Mn0.25Cr0.75)O3	0.377	0.3984
Pr(Mn0.5Cr0.5)O3	0.409	0.518
Pr(Cr0.875Ni0.125)O3	0.156	2.1668000000000003
Pr(Cr0.75Ni0.25)O3	0.314	1.7694000000000003
Pr(Cr0.5Ni0.5)O3	0.862	1.072
(Ba0.25Pr0.75)FeO3	0.0	0.0
(Ba0.5Pr0.5)FeO3	0.0	0.0
(Ca0.25Pr0.75)FeO3	0.0	0.0
(Ca0.5Pr0.5)FeO3	0.0	0.0
(Pr0.75Dy0.25)FeO3	1.268	1.2879999999999998
(Pr0.5Dy0.5)FeO3	1.3159999999999998	1.2928000000000002
(Pr0.75Gd0.25)FeO3	0.0	0.0
(Pr0.5Gd0.5)FeO3	0.0	0.0
(Pr0.75Ho0.25)FeO3	1.27	1.7058
(Pr0.5Ho0.5)FeO3	1.317	2.0986000000000002
(Pr0.75Nd0.25)FeO3	1.264	1.4533999999999998
(Pr0.5Nd0.5)FeO3	1.29	1.7177999999999998
(Pr0.75Sm0.25)FeO3	1.265	0.9676
(Pr0.5Sm0.5)FeO3	1.2890000000000001	1.9477999999999998
(Sr0.25Pr0.75)FeO3	0.0	0.0
(Sr0.5Pr0.5)FeO3	0.0	0.0
Pr(Fe0.875Co0.125)O3	0.0	0.027200000000000002
Pr(Fe0.75Co0.25)O3	0.0	0.027200000000000002
Pr(Cr0.125Fe0.875)O3	1.2919999999999998	0.3363999999999999
Pr(Cr0.25Fe0.75)O3	1.3259999999999998	0.32959999999999995
Pr(Cr0.5Fe0.5)O3	1.889	0.7548
Pr(Mg0.125Fe0.875)O3	0.0	0.327
Pr(Mg0.25Fe0.75)O3	0.0	0.0
Pr(Mg0.5Fe0.5)O3	0.0	0.0
Pr(Mn0.125Fe0.875)O3	0.43200000000000005	0.4855999999999999
Pr(Mn0.25Fe0.75)O3	0.36	0.5478
Pr(Fe0.875Ni0.125)O3	0.0	0.027200000000000002
Pr(Fe0.75Ni0.25)O3	0.0	0.027200000000000002
Pr(Fe0.5Ni0.5)O3	0.0	0.0
(Ba0.25Pr0.75)GaO3	0.0	0.071
(Ba0.5Pr0.5)GaO3	0.0	0.071
(Ca0.25Pr0.75)GaO3	0.0	1.4382
(Ca0.5Pr0.5)GaO3	0.0	1.5252
(Pr0.75Dy0.25)GaO3	3.28	3.2906000000000004
(Pr0.5Dy0.5)GaO3	3.3160000000000003	3.3022
(Pr0.75Gd0.25)GaO3	3.023	2.7186
(Pr0.5Gd0.5)GaO3	3.1189999999999998	2.3733999999999997
(Pr0.75Ho0.25)GaO3	3.259	3.3135999999999997
(Pr0.5Ho0.5)GaO3	3.322	3.3009999999999997
(Pr0.75Nd0.25)GaO3	3.2960000000000003	3.293
(Pr0.5Nd0.5)GaO3	3.2880000000000003	2.6222
(Pr0.75Sm0.25)GaO3	3.306	1.3039999999999998
(Pr0.5Sm0.5)GaO3	3.318	3.2165999999999997
(Sr0.25Pr0.75)GaO3	0.0	0.034600000000000006
(Sr0.5Pr0.5)GaO3	0.0	0.034600000000000006
Pr(Ga0.875Co0.125)O3	0.9470000000000001	1.161
Pr(Ga0.75Co0.25)O3	0.833	1.1838000000000002
Pr(Ga0.5Co0.5)O3	0.785	0.4218
Pr(Cr0.125Ga0.875)O3	3.175	1.1972
Pr(Cr0.25Ga0.75)O3	2.696	1.2239999999999998
Pr(Cr0.5Ga0.5)O3	2.4090000000000003	1.254
Pr(Ga0.875Fe0.125)O3	2.497	1.2306
Pr(Ga0.75Fe0.25)O3	2.356	0.8792
Pr(Ga0.5Fe0.5)O3	2.109	0.267
Pr(Mg0.125Ga0.875)O3	0.0	0.0
Pr(Mg0.25Ga0.75)O3	0.0	0.0
Pr(Mg0.5Ga0.5)O3	0.0	0.0
Pr(Mn0.125Ga0.875)O3	0.853	1.2576
Pr(Mn0.25Ga0.75)O3	0.728	1.0416
Pr(Mn0.5Ga0.5)O3	0.789	0.8343999999999999
Pr(Ga0.875Ni0.125)O3	0.0	1.1838000000000002
Pr(Ga0.75Ni0.25)O3	0.11900000000000001	0.2766
Pr(Ga0.5Ni0.5)O3	0.0	0.6888
(Ba0.25Pr0.75)MnO3	0.0	0.0318
(Ca0.25Pr0.75)MnO3	0.0	0.0
(Ca0.5Pr0.5)MnO3	0.0	0.0
(Pr0.75Dy0.25)MnO3	0.0	0.0
(Pr0.5Dy0.5)MnO3	0.0	0.0
(Pr0.75Gd0.25)MnO3	0.0	0.0
(Pr0.5Gd0.5)MnO3	0.0	0.0
(Pr0.75Ho0.25)MnO3	0.0	0.0
(Pr0.5Ho0.5)MnO3	0.0	0.0
(Pr0.75Nd0.25)MnO3	0.0	0.0
(Pr0.5Nd0.5)MnO3	0.0	0.0
(Pr0.75Sm0.25)MnO3	0.0	0.0
(Pr0.5Sm0.5)MnO3	0.0	0.0
(Sr0.25Pr0.75)MnO3	0.0	0.7163999999999999
(Sr0.5Pr0.5)MnO3	0.0	0.2694
Pr(Mn0.875Co0.125)O3	0.0	0.6298
Pr(Mn0.75Co0.25)O3	0.0	0.42139999999999994
Pr(Mn0.5Co0.5)O3	0.797	0.3512
Pr(Mn0.875Cr0.125)O3	0.0	0.4351999999999999
Pr(Mn0.75Cr0.25)O3	0.0	0.4822
Pr(Mn0.875Fe0.125)O3	0.0	0.1204
Pr(Mn0.75Fe0.25)O3	0.0	0.4166
Pr(Mn0.5Fe0.5)O3	0.32299999999999995	0.6
Pr(Mg0.125Mn0.875)O3	0.0	0.6016
Pr(Mg0.25Mn0.75)O3	0.0	0.6016
Pr(Mg0.5Mn0.5)O3	1.51	0.29960000000000003
Pr(Mn0.875Ni0.125)O3	0.0	0.0
Pr(Mn0.75Ni0.25)O3	0.0	0.47240000000000004
(Ba0.25Pr0.75)NiO3	0.0	0.034600000000000006
(Ba0.5Pr0.5)NiO3	0.0	0.0
(Ca0.25Pr0.75)NiO3	0.0	0.0
(Ca0.5Pr0.5)NiO3	0.0	0.0
(Pr0.75Dy0.25)NiO3	0.0	0.0
(Pr0.5Dy0.5)NiO3	0.0	0.0
(Pr0.75Gd0.25)NiO3	0.0	0.0
(Pr0.5Gd0.5)NiO3	0.0	0.0
(Pr0.75Ho0.25)NiO3	0.0	0.0
(Pr0.5Ho0.5)NiO3	0.0	0.0
(Pr0.75Nd0.25)NiO3	0.0	0.0
(Pr0.5Nd0.5)NiO3	0.0	0.0
(Pr0.75Sm0.25)NiO3	0.0	0.0
(Pr0.5Sm0.5)NiO3	0.0	0.253
(Sr0.25Pr0.75)NiO3	0.0	0.064
(Sr0.5Pr0.5)NiO3	0.0	0.0
Pr(Co0.125Ni0.875)O3	0.0	0.0
Pr(Co0.25Ni0.75)O3	0.0	0.0
Pr(Cr0.125Ni0.875)O3	0.0	0.0958
Pr(Cr0.25Ni0.75)O3	0.0	0.35419999999999996
Pr(Fe0.125Ni0.875)O3	0.0	0.0
Pr(Fe0.25Ni0.75)O3	0.0	0.0
Pr(Mg0.125Ni0.875)O3	0.0	0.0
Pr(Mg0.25Ni0.75)O3	0.0	0.0
Pr(Mg0.5Ni0.5)O3	0.835	0.16
Pr(Mn0.125Ni0.875)O3	0.0	0.06040000000000001
Pr(Mn0.25Ni0.75)O3	0.0	0.0784
Pr(Mn0.5Ni0.5)O3	1.265	0.3206
(Ba0.25Pr0.75)ScO3	0.0	1.9731999999999998
(Ba0.5Pr0.5)ScO3	0.0	2.4863999999999997
(Ca0.25Pr0.75)ScO3	0.0	0.0
(Ca0.5Pr0.5)ScO3	0.0	0.0
(Pr0.75Dy0.25)ScO3	4.055	3.6506
(Pr0.5Dy0.5)ScO3	4.111000000000001	3.5866000000000007
(Pr0.75Gd0.25)ScO3	3.035	3.6966
(Pr0.5Gd0.5)ScO3	3.0639999999999996	3.7960000000000003
(Pr0.75Ho0.25)ScO3	4.086	3.6444
(Pr0.5Ho0.5)ScO3	4.113	3.5862000000000003
(Pr0.75Nd0.25)ScO3	4.02	3.9612000000000003
(Pr0.5Nd0.5)ScO3	4.016	3.72
(Pr0.75Sm0.25)ScO3	4.053999999999999	4.0518
(Pr0.5Sm0.5)ScO3	4.08	3.4875999999999996
(Sr0.25Pr0.75)ScO3	0.0	0.0
(Sr0.5Pr0.5)ScO3	0.0	0.0
Pr(Sc0.875Co0.125)O3	0.9740000000000001	1.4138
Pr(Sc0.75Co0.25)O3	1.006	1.4554000000000002
Pr(Sc0.5Co0.5)O3	0.8640000000000001	1.2334
Pr(Sc0.875Cr0.125)O3	3.0060000000000002	2.7232
Pr(Sc0.75Cr0.25)O3	2.8960000000000004	2.3594
Pr(Sc0.5Cr0.5)O3	2.82	1.3638000000000001
Pr(Sc0.875Fe0.125)O3	2.548	1.5118
Pr(Sc0.75Fe0.25)O3	2.417	1.5486
Pr(Sc0.5Fe0.5)O3	2.29	0.974
Pr(Mg0.125Sc0.875)O3	0.0	0.588
Pr(Mg0.25Sc0.75)O3	0.0	0.588
Pr(Mg0.5Sc0.5)O3	0.0	0.6016
Pr(Sc0.875Mn0.125)O3	0.619	1.1192
Pr(Sc0.75Mn0.25)O3	0.7120000000000001	1.0803999999999998
Pr(Sc0.5Mn0.5)O3	0.993	1.6712
Pr(Sc0.875Ni0.125)O3	0.0	1.3054000000000001
Pr(Sc0.75Ni0.25)O3	0.0	1.0774000000000001
Pr(Sc0.5Ni0.5)O3	0.0	1.4062000000000001
(Ba0.25Pr0.75)TiO3	0.0	0.15560000000000002
(Ba0.5Pr0.5)TiO3	0.0	0.1418
(Ca0.25Pr0.75)TiO3	0.0	0.9199999999999999
(Ca0.5Pr0.5)TiO3	0.0	0.33799999999999997
(Pr0.75Dy0.25)TiO3	0.0	0.0
(Pr0.5Dy0.5)TiO3	0.0	0.0
(Pr0.75Gd0.25)TiO3	0.0	0.0
(Pr0.5Gd0.5)TiO3	0.0	0.0
(Pr0.75Ho0.25)TiO3	0.0	0.0
(Pr0.5Ho0.5)TiO3	0.0	0.0
(Pr0.75Nd0.25)TiO3	0.0	0.9780000000000001
(Pr0.5Nd0.5)TiO3	0.0	0.0
(Pr0.75Sm0.25)TiO3	0.0	0.0
(Pr0.5Sm0.5)TiO3	0.0	0.0
(Sr0.25Pr0.75)TiO3	0.0	0.0
(Sr0.5Pr0.5)TiO3	0.0	0.9762000000000001
Pr(Ti0.5Co0.5)O3	1.6280000000000001	2.0862000000000003
Pr(Ti0.875Cr0.125)O3	0.0	0.0
Pr(Ti0.75Cr0.25)O3	0.0	0.0
Pr(Ti0.5Cr0.5)O3	0.105	1.0584
Pr(Ti0.875Fe0.125)O3	0.0	0.0
Pr(Ti0.75Fe0.25)O3	0.0	0.0
Pr(Ti0.5Fe0.5)O3	1.6740000000000002	2.0770000000000004
Pr(Mg0.125Ti0.875)O3	0.0	0.0
Pr(Mg0.25Ti0.75)O3	0.0	0.0
Pr(Mg0.5Ti0.5)O3	2.94	0.5862
Pr(Ti0.875Mn0.125)O3	0.0	0.331
Pr(Ti0.75Mn0.25)O3	0.0	0.3868
Pr(Ti0.5Mn0.5)O3	1.571	1.1878
Pr(Ti0.75Ni0.25)O3	0.0	0.0
Pr(Ti0.5Ni0.5)O3	2.637	1.8844
(Ba0.25Pr0.75)VO3	0.355	0.13840000000000002
(Ba0.5Pr0.5)VO3	0.7090000000000001	0.0
(Ca0.25Pr0.75)VO3	0.435	0.1714
(Ca0.5Pr0.5)VO3	0.593	0.35039999999999993
(Pr0.75Dy0.25)VO3	1.2109999999999999	0.7146000000000001
(Pr0.5Dy0.5)VO3	1.254	0.4814
(Pr0.75Gd0.25)VO3	0.0	0.9568
(Pr0.5Gd0.5)VO3	0.0	0.489
(Pr0.75Ho0.25)VO3	1.1340000000000001	0.7300000000000001
(Pr0.5Ho0.5)VO3	1.216	0.7348
(Pr0.75Nd0.25)VO3	1.285	1.3754000000000002
(Pr0.5Nd0.5)VO3	1.21	0.7242
(Pr0.75Sm0.25)VO3	1.285	1.5816000000000003
(Pr0.5Sm0.5)VO3	1.288	0.9656
(Sr0.25Pr0.75)VO3	0.395	0.32639999999999997
(Sr0.5Pr0.5)VO3	0.395	0.3688
Pr(V0.875Co0.125)O3	0.5529999999999999	0.4532
Pr(V0.75Co0.25)O3	0.633	0.5196
Pr(V0.5Co0.5)O3	1.1059999999999999	1.2934
Pr(V0.875Cr0.125)O3	1.203	0.7216
Pr(V0.75Cr0.25)O3	1.167	1.2730000000000001
Pr(V0.5Cr0.5)O3	1.4380000000000002	1.2018
Pr(V0.875Fe0.125)O3	0.8540000000000001	0.39299999999999996
Pr(V0.75Fe0.25)O3	0.855	0.526
Pr(V0.5Fe0.5)O3	0.636	1.2604
Pr(Mg0.125V0.875)O3	0.0	0.0
Pr(Mg0.25V0.75)O3	0.0	0.0
Pr(Mg0.5V0.5)O3	0.0	1.1742000000000001
Pr(Mn0.125V0.875)O3	0.5539999999999999	0.6014
Pr(Mn0.25V0.75)O3	0.389	0.6344000000000001
Pr(Mn0.5V0.5)O3	0.833	0.0606
Pr(V0.875Ni0.125)O3	0.355	0.958
Pr(V0.75Ni0.25)O3	0.436	0.678
Pr(V0.5Ni0.5)O3	1.3030000000000002	1.1405999999999998
Ba(Mn0.125Co0.875)O3	0.0	0.0
Ba(Mn0.25Co0.75)O3	0.0	0.0
Ba(Co0.875Ni0.125)O3	0.0	0.1014
Ba(Co0.75Ni0.25)O3	0.0	0.1014
Ba(Mn0.875Co0.125)O3	0.0	0.0
Ba(Mn0.75Co0.25)O3	0.0	0.0
Ba(Mn0.5Co0.5)O3	0.0	0.0
Ba(Mn0.875Fe0.125)O3	0.0	0.0
Ba(Mn0.875Ni0.125)O3	0.0	0.0
Ba(Mn0.75Ni0.25)O3	0.0	0.0
Ba(Ni0.875Co0.125)O3	0.0	0.0
Ba(Ni0.75Co0.25)O3	0.0	0.0
Ba(Ni0.5Co0.5)O3	0.0	0.1014
Ba(Mn0.125Ni0.875)O3	0.0	0.0
Ba(Mn0.5Ni0.5)O3	0.0	0.0
Ca(Mn0.125Co0.875)O3	0.0	0.0
Ca(Mn0.25Co0.75)O3	0.0	0.0
Ca(Co0.875Ni0.125)O3	0.0	0.0
Ca(Co0.75Ni0.25)O3	0.0	0.0
Ca(Co0.5Ni0.5)O3	0.0	0.0
Ca(Mn0.875Co0.125)O3	0.0	0.0
Ca(Mn0.75Co0.25)O3	0.0	0.0
Ca(Mn0.5Co0.5)O3	0.0	0.0
Ca(Mn0.875Fe0.125)O3	0.0	0.0
Ca(Mn0.75Fe0.25)O3	0.0	0.0
Ca(Mn0.875Ni0.125)O3	0.0	0.0
Ca(Mn0.75Ni0.25)O3	0.0	0.0
Ca(Ni0.875Co0.125)O3	0.0	0.0
Ca(Ni0.75Co0.25)O3	0.0	0.0
Ca(Ni0.5Co0.5)O3	0.0	0.0
Ca(Mn0.125Ni0.875)O3	0.0	0.0
Ca(Mn0.25Ni0.75)O3	0.0	0.0
Ca(Mn0.5Ni0.5)O3	0.0	0.0
Sr(Mn0.125Co0.875)O3	0.0	0.0
Sr(Mn0.25Co0.75)O3	0.0	0.0
Sr(Mn0.5Co0.5)O3	0.0	0.0
Sr(Co0.875Ni0.125)O3	0.0	0.0
Sr(Co0.75Ni0.25)O3	0.0	0.0
Sr(Co0.5Ni0.5)O3	0.0	0.0476
Sr(Mn0.875Co0.125)O3	0.0	0.1534
Sr(Mn0.75Co0.25)O3	0.0	0.0
Sr(Mn0.875Fe0.125)O3	0.0	0.11000000000000001
Sr(Mn0.75Fe0.25)O3	0.0	0.0
Sr(Mn0.875Ni0.125)O3	0.0	0.1534
Sr(Mn0.75Ni0.25)O3	0.0	0.0
Sr(Mn0.5Ni0.5)O3	0.0	0.0
Sr(Ni0.875Co0.125)O3	0.0	0.0476
Sr(Ni0.75Co0.25)O3	0.0	0.0476
Sr(Ni0.5Co0.5)O3	0.0	0.0476
Sr(Nb0.125Co0.875)O3	0.0	0.18560000000000001
Sr(Nb0.25Co0.75)O3	0.0	0.18560000000000001
Sr(Nb0.5Co0.5)O3	0.45	0.09559999999999999
Sr(Nb0.875Co0.125)O3	0.0	0.09
Ba(Mn0.25Fe0.75)O3	0.0	0.0
(Ba0.25Sr0.75)CoO3	0.0	0.2426
(Ba0.25Sr0.75)MnO3	0.0	0.41600000000000004
(Ba0.25Sr0.75)NiO3	0.0	0.0
(Ba0.5Sr0.5)CoO3	0.0	0.2426
(Ba0.5Sr0.5)MnO3	0.0	0.41600000000000004
(Ba0.5Sr0.5)NiO3	0.0	0.0
Ca(Mn0.25Fe0.75)O3	0.0	0.0
(Sr0.75Ca0.25)CoO3	0.0	0.0
(Sr0.75Ca0.25)MnO3	0.0	0.5834
(Sr0.75Ca0.25)NiO3	0.0	0.0
(Sr0.5Ca0.5)CoO3	0.0	0.4226
(Sr0.5Ca0.5)MnO3	0.0	0.5576000000000001
(Sr0.5Ca0.5)NiO3	0.0	0.0
Sr(Mn0.25Fe0.75)O3	0.0	0.0
(Ba0.125Sr0.875)VO3	0.68	0.27999999999999997
(Ba0.25Sr0.75)VO3	0.68	0.27999999999999997
(Ba0.5Sr0.5)VO3	0.72	0.272
(Sr0.875Ca0.125)VO3	0.677	0.44800000000000006
(Sr0.75Ca0.25)VO3	0.674	0.44860000000000005
(Sr0.5Ca0.5)VO3	0.631	0.4314
(Sr0.875Dy0.125)VO3	0.319	0.255
(Sr0.75Dy0.25)VO3	0.43700000000000006	0.43760000000000004
(Sr0.5Dy0.5)VO3	0.39	0.3006
(Sr0.875Gd0.125)VO3	0.556	0.4056
(Sr0.75Gd0.25)VO3	0.475	0.3236
(Sr0.5Gd0.5)VO3	0.0	0.284
(Sr0.875Ho0.125)VO3	0.32	0.2548
(Sr0.75Ho0.25)VO3	0.518	0.42140000000000005
(Sr0.5Ho0.5)VO3	0.39	0.364
(Sr0.875La0.125)VO3	0.159	0.34859999999999997
(Sr0.75La0.25)VO3	0.391	0.4528
(Sr0.875Mg0.125)VO3	0.762	0.43100000000000005
(Sr0.75Mg0.25)VO3	0.804	0.5584
(Sr0.5Mg0.5)VO3	0.679	0.4218
(Sr0.875Nd0.125)VO3	0.319	0.3416
(Sr0.75Nd0.25)VO3	0.319	0.3416
(Sr0.5Nd0.5)VO3	0.43200000000000005	0.3168
(Sr0.875Pr0.125)VO3	0.2	0.32599999999999996
(Sr0.75Pr0.25)VO3	0.43799999999999994	0.2858
(Sr0.875Sm0.125)VO3	0.27899999999999997	0.23600000000000004
(Sr0.75Sm0.25)VO3	0.359	0.20339999999999997
(Sr0.5Sm0.5)VO3	0.392	0.1968
(Sr0.875Y0.125)VO3	0.439	0.26420000000000005
(Sr0.75Y0.25)VO3	0.319	0.2882
Sr(Al0.125V0.875)O3	0.608	0.3184
Sr(Al0.25V0.75)O3	0.44799999999999995	0.35040000000000004
Sr(Al0.5V0.5)O3	1.1440000000000001	0.2112
Sr(V0.875Co0.125)O3	0.767	0.194
Sr(V0.75Co0.25)O3	0.324	0.628
Sr(V0.5Co0.5)O3	0.326	0.4742
Sr(V0.875Cr0.125)O3	0.445	0.4476000000000001
Sr(V0.75Cr0.25)O3	0.405	0.6588
Sr(V0.5Cr0.5)O3	1.016	0.3502
Sr(V0.875Cu0.125)O3	0.0	0.3136
Sr(V0.75Cu0.25)O3	0.0	0.3136
Sr(V0.5Cu0.5)O3	0.0	0.3136
Sr(V0.875Fe0.125)O3	0.48700000000000004	0.42160000000000003
Sr(V0.75Fe0.25)O3	0.40700000000000003	0.6584000000000001
Sr(V0.5Fe0.5)O3	0.9390000000000001	0.4546
Sr(V0.875Ga0.125)O3	0.365	0.7224
Sr(V0.75Ga0.25)O3	0.569	0.536
Sr(V0.5Ga0.5)O3	1.348	0.5258
Sr(V0.875Ge0.125)O3	0.645	0.2492
Sr(V0.75Ge0.25)O3	1.008	0.396
Sr(V0.5Ge0.5)O3	1.097	0.3782
Sr(Hf0.125V0.875)O3	0.64	0.7844
Sr(Hf0.25V0.75)O3	0.64	0.7844
Sr(Hf0.5V0.5)O3	0.9940000000000001	0.7780000000000001
Sr(V0.875Ir0.125)O3	0.242	0.6014
Sr(V0.75Ir0.25)O3	0.201	0.6096
Sr(V0.5Ir0.5)O3	0.121	0.7224
Sr(Mg0.125V0.875)O3	0.485	0.4640000000000001
Sr(Mg0.25V0.75)O3	0.48700000000000004	0.4636
Sr(Mn0.125V0.875)O3	0.0	0.4720000000000001
Sr(Mn0.25V0.75)O3	0.0	0.4720000000000001
Sr(Mn0.5V0.5)O3	0.0	0.4720000000000001
Sr(V0.5Mo0.5)O3	0.55	0.42939999999999995
Sr(Nb0.125V0.875)O3	0.12	0.24379999999999996
Sr(Nb0.25V0.75)O3	0.358	0.19619999999999999
Sr(Nb0.5V0.5)O3	0.861	0.09559999999999999
Sr(V0.875Ni0.125)O3	0.6459999999999999	0.5636
Sr(V0.75Ni0.25)O3	0.851	0.36920000000000003
Sr(V0.5Ni0.5)O3	0.0	0.5317999999999999
Sr(V0.875Pd0.125)O3	0.0	0.3782
Sr(V0.75Pd0.25)O3	0.0	0.2754
Sr(V0.5Pd0.5)O3	0.0	0.1766
Sr(V0.875Pt0.125)O3	0.23800000000000002	0.3306
Sr(V0.5Pt0.5)O3	0.0	0.1766
Sr(V0.875Rh0.125)O3	0.364	0.6736000000000001
Sr(V0.75Rh0.25)O3	0.161	0.5915999999999999
Sr(V0.5Rh0.5)O3	0.161	0.5438
Sr(V0.5Ru0.5)O3	0.0	0.3474
Sr(Sc0.125V0.875)O3	0.0	0.379
Sr(Sc0.5V0.5)O3	1.034	0.1906
Sr(V0.875Si0.125)O3	0.524	0.6906
Sr(V0.75Si0.25)O3	0.97	0.5524000000000001
Sr(V0.5Si0.5)O3	0.9390000000000001	0.38820000000000005
Sr(V0.5Sn0.5)O3	1.246	0.4710000000000001
Sr(Ta0.125V0.875)O3	0.16	0.5347999999999999
Sr(Ta0.25V0.75)O3	0.16	0.5347999999999999
Sr(Ta0.5V0.5)O3	1.175	0.43579999999999997
Sr(Ti0.125V0.875)O3	0.0	0.23079999999999998
Sr(Ti0.25V0.75)O3	0.0	0.09559999999999999
Sr(Ti0.5V0.5)O3	0.0	0.0
Sr(Y0.125V0.875)O3	0.48200000000000004	0.8859999999999999
Sr(Y0.25V0.75)O3	0.7609999999999999	0.8928
Sr(Y0.5V0.5)O3	1.395	0.766
Sr(V0.875Zn0.125)O3	0.768	0.5988
Sr(V0.75Zn0.25)O3	0.48700000000000004	0.655
Sr(Zr0.5V0.5)O3	0.953	0.4746
(Ba0.25Y0.75)CoO3	0.0	0.0
(Ba0.5Y0.5)CoO3	0.0	0.0
(Ca0.25Y0.75)CoO3	0.0	0.0
(Ca0.5Y0.5)CoO3	0.0	0.0688
(Dy0.25Y0.75)CoO3	0.0	0.0
(Dy0.5Y0.5)CoO3	0.0	0.0
(Gd0.25Y0.75)CoO3	0.0	0.0
(Gd0.5Y0.5)CoO3	0.0	0.0
(Y0.75Ho0.25)CoO3	0.0	0.5404
(Y0.5Ho0.5)CoO3	0.0	0.5404
(Nd0.25Y0.75)CoO3	0.0	0.9200000000000002
(Nd0.5Y0.5)CoO3	0.0	0.0
(Sm0.25Y0.75)CoO3	0.0	2.6774000000000004
(Sm0.5Y0.5)CoO3	0.0	1.9652
(Sr0.25Y0.75)CoO3	0.0	0.0318
(Sr0.5Y0.5)CoO3	0.0	0.0638
Y(Cr0.125Co0.875)O3	0.0	0.8493999999999999
Y(Cr0.25Co0.75)O3	0.0	1.3454000000000002
Y(Cr0.5Co0.5)O3	0.502	1.2449999999999999
Y(Fe0.125Co0.875)O3	0.0	0.47400000000000003
Y(Fe0.25Co0.75)O3	0.0	0.4062
Y(Fe0.5Co0.5)O3	0.0	0.4062
Y(Mg0.125Co0.875)O3	0.0	0.31320000000000003
Y(Mg0.25Co0.75)O3	0.0	0.338
Y(Mg0.5Co0.5)O3	0.0	0.1746
Y(Mn0.125Co0.875)O3	0.0	0.7194
Y(Mn0.25Co0.75)O3	0.674	0.22360000000000002
Y(Mn0.5Co0.5)O3	1.149	0.38720000000000004
Y(Co0.875Ni0.125)O3	0.0	0.039799999999999995
Y(Co0.75Ni0.25)O3	0.19899999999999998	0.1584
(Ba0.25Y0.75)CrO3	0.0	0.0
(Ba0.5Y0.5)CrO3	0.0	0.4842000000000001
(Ca0.25Y0.75)CrO3	0.0	0.353
(Ca0.5Y0.5)CrO3	0.316	0.28979999999999995
(Dy0.25Y0.75)CrO3	2.215	0.7535999999999999
(Dy0.5Y0.5)CrO3	2.225	0.7516
(Gd0.25Y0.75)CrO3	0.83	1.0306000000000002
(Gd0.5Y0.5)CrO3	0.713	1.0539999999999998
(Y0.75Ho0.25)CrO3	2.215	0.445
(Y0.5Ho0.5)CrO3	2.225	0.44299999999999995
(Nd0.25Y0.75)CrO3	2.181	1.514
(Nd0.5Y0.5)CrO3	2.162	1.548
(Sm0.25Y0.75)CrO3	2.211	1.4776000000000002
(Sm0.5Y0.5)CrO3	2.1630000000000003	1.5124
(Sr0.25Y0.75)CrO3	0.0	0.36560000000000004
(Sr0.5Y0.5)CrO3	0.28800000000000003	0.2944
Y(Cr0.875Co0.125)O3	0.531	0.6714
Y(Cr0.75Co0.25)O3	0.475	0.4508000000000001
Y(Cr0.875Fe0.125)O3	2.0580000000000003	0.5862
Y(Cr0.75Fe0.25)O3	1.954	0.9546000000000001
Y(Cr0.5Fe0.5)O3	1.899	0.8958
Y(Mg0.125Cr0.875)O3	0.0	0.0254
Y(Mg0.25Cr0.75)O3	0.0	0.0254
Y(Mg0.5Cr0.5)O3	0.0	0.0254
Y(Mn0.125Cr0.875)O3	0.47100000000000003	0.7066
Y(Mn0.25Cr0.75)O3	0.504	0.9484
Y(Cr0.875Ni0.125)O3	0.196	0.39859999999999995
Y(Cr0.75Ni0.25)O3	0.314	0.8710000000000001
(Dy0.25Y0.75)FeO3	1.3519999999999999	0.5334000000000001
(Dy0.5Y0.5)FeO3	1.354	0.533
(Gd0.25Y0.75)FeO3	0.0	0.8061999999999999
(Gd0.5Y0.5)FeO3	0.0	0.8061999999999999
(Y0.75Ho0.25)FeO3	1.347	0.271
(Y0.5Ho0.5)FeO3	1.355	0.2694
(Nd0.25Y0.75)FeO3	1.3130000000000002	0.5358
(Nd0.5Y0.5)FeO3	1.325	0.26260000000000006
(Sm0.25Y0.75)FeO3	1.3130000000000002	2.2560000000000002
(Sm0.5Y0.5)FeO3	1.3630000000000002	2.2868000000000004
Y(Fe0.875Co0.125)O3	0.0	0.4378
Y(Fe0.75Co0.25)O3	0.0	0.0628
Y(Cr0.125Fe0.875)O3	1.403	0.4952
Y(Cr0.25Fe0.75)O3	1.5090000000000001	1.1154
Y(Mn0.125Fe0.875)O3	0.541	0.5087999999999999
Y(Mn0.25Fe0.75)O3	0.397	0.5376
Y(Fe0.875Ni0.125)O3	0.0	0.3428
Y(Fe0.75Ni0.25)O3	0.0	0.0628
(Dy0.25Y0.75)GaO3	3.609	1.4835999999999998
(Dy0.5Y0.5)GaO3	3.574	1.4856
(Gd0.25Y0.75)GaO3	3.404	2.1113999999999997
(Gd0.5Y0.5)GaO3	3.3710000000000004	1.677
(Y0.75Ho0.25)GaO3	3.609	0.7163999999999999
(Y0.5Ho0.5)GaO3	3.582	0.7218
(Nd0.25Y0.75)GaO3	3.4930000000000003	1.5894000000000001
(Nd0.5Y0.5)GaO3	3.4010000000000002	2.3068
(Sm0.25Y0.75)GaO3	3.551	1.2304
(Sm0.5Y0.5)GaO3	3.5189999999999997	0.9734
Y(Ga0.875Co0.125)O3	0.982	1.4834
Y(Ga0.75Co0.25)O3	0.742	1.6271999999999998
Y(Ga0.5Co0.5)O3	0.638	1.374
Y(Cr0.125Ga0.875)O3	3.2110000000000003	1.3530000000000002
Y(Cr0.25Ga0.75)O3	2.839	1.4274
Y(Cr0.5Ga0.5)O3	2.5860000000000003	1.7429999999999999
Y(Ga0.875Fe0.125)O3	2.506	1.1785999999999999
Y(Ga0.75Fe0.25)O3	2.364	1.5988000000000002
Y(Ga0.5Fe0.5)O3	2.1180000000000003	1.5791999999999997
Y(Mn0.125Ga0.875)O3	0.983	0.613
Y(Mn0.25Ga0.75)O3	0.919	1.0905999999999998
Y(Mn0.5Ga0.5)O3	0.95	1.1844
Y(Ga0.875Ni0.125)O3	0.19899999999999998	1.234
Y(Ga0.75Ni0.25)O3	0.159	1.242
Y(Ga0.5Ni0.5)O3	0.159	1.242
(Ba0.25Y0.75)MnO3	0.0	0.41600000000000004
(Ca0.25Y0.75)MnO3	0.0	0.39239999999999997
(Ca0.5Y0.5)MnO3	0.0	0.18180000000000002
(Dy0.25Y0.75)MnO3	0.16	0.0318
(Dy0.5Y0.5)MnO3	0.159	0.0
(Gd0.25Y0.75)MnO3	0.0	0.0638
(Gd0.5Y0.5)MnO3	0.0	0.0318
(Y0.75Ho0.25)MnO3	0.159	0.032
(Y0.5Ho0.5)MnO3	0.16	0.0318
(Nd0.25Y0.75)MnO3	0.16	0.11480000000000001
(Nd0.5Y0.5)MnO3	0.127	0.12140000000000002
(Sm0.25Y0.75)MnO3	0.16	0.11480000000000001
(Sm0.5Y0.5)MnO3	0.128	0.12120000000000002
(Sr0.25Y0.75)MnO3	0.0	0.20660000000000003
(Sr0.5Y0.5)MnO3	0.0	0.5006
Y(Mn0.875Co0.125)O3	0.254	0.3874000000000001
Y(Mn0.75Co0.25)O3	0.35200000000000004	0.5466000000000001
Y(Mn0.875Cr0.125)O3	0.127	0.0
Y(Mn0.75Cr0.25)O3	0.0	0.0254
Y(Mn0.5Cr0.5)O3	0.568	0.7066
Y(Mn0.875Fe0.125)O3	0.14400000000000002	0.23840000000000003
Y(Mn0.75Fe0.25)O3	0.14300000000000002	0.48019999999999996
Y(Mn0.5Fe0.5)O3	0.503	0.5164
Y(Mg0.125Mn0.875)O3	0.0	0.0
Y(Mg0.25Mn0.75)O3	0.0	0.0
Y(Mg0.5Mn0.5)O3	1.518	0.1342
Y(Mn0.875Ni0.125)O3	0.0	0.3642
Y(Mn0.75Ni0.25)O3	0.0	0.3642
(Ba0.25Y0.75)NiO3	0.0	0.0
(Ba0.5Y0.5)NiO3	0.0	0.0
(Ca0.25Y0.75)NiO3	0.0	0.0
(Ca0.5Y0.5)NiO3	0.0	0.0
(Dy0.25Y0.75)NiO3	0.0	0.0
(Dy0.5Y0.5)NiO3	0.0	0.0
(Gd0.25Y0.75)NiO3	0.0	0.0
(Gd0.5Y0.5)NiO3	0.0	0.0
(Y0.75Ho0.25)NiO3	0.0	0.5404
(Y0.5Ho0.5)NiO3	0.0	0.5404
(Nd0.25Y0.75)NiO3	0.0	0.265
(Nd0.5Y0.5)NiO3	0.0	0.0
(Sm0.25Y0.75)NiO3	0.0	3.2798000000000003
(Sm0.5Y0.5)NiO3	0.0	0.0
(Sr0.25Y0.75)NiO3	0.0	0.0318
(Sr0.5Y0.5)NiO3	0.0	0.0318
Y(Co0.125Ni0.875)O3	0.0	0.1982
Y(Co0.25Ni0.75)O3	0.0	0.1982
Y(Co0.5Ni0.5)O3	0.792	0.039799999999999995
Y(Cr0.125Ni0.875)O3	0.0	0.0
Y(Cr0.25Ni0.75)O3	0.0	0.0
Y(Cr0.5Ni0.5)O3	0.628	0.5824
Y(Fe0.125Ni0.875)O3	0.0	0.039799999999999995
Y(Fe0.25Ni0.75)O3	0.0	0.0
Y(Fe0.5Ni0.5)O3	0.0	0.0
Y(Mg0.125Ni0.875)O3	0.0	0.33540000000000003
Y(Mg0.25Ni0.75)O3	0.0	0.2846
Y(Mg0.5Ni0.5)O3	0.873	0.1348
Y(Mn0.125Ni0.875)O3	0.0	0.8542
Y(Mn0.25Ni0.75)O3	0.0	0.5088000000000001
Y(Mn0.5Ni0.5)O3	1.423	0.2218
(Dy0.25Y0.75)ScO3	4.221	3.7698
(Dy0.5Y0.5)ScO3	4.243	3.7654000000000005
(Gd0.25Y0.75)ScO3	3.123	3.9894
(Gd0.5Y0.5)ScO3	3.1260000000000003	3.9888
(Y0.75Ho0.25)ScO3	4.215	0.8742000000000001
(Y0.5Ho0.5)ScO3	4.211	0.9006000000000001
(Nd0.25Y0.75)ScO3	4.183	3.7248000000000006
(Nd0.5Y0.5)ScO3	4.169	4.0287999999999995
(Sm0.25Y0.75)ScO3	4.186	3.8436
(Sm0.5Y0.5)ScO3	4.171	3.7798000000000003
Y(Sc0.875Co0.125)O3	1.128	1.8847999999999998
Y(Sc0.75Co0.25)O3	1.041	1.9022
Y(Sc0.5Co0.5)O3	0.927	1.0166
Y(Sc0.875Cr0.125)O3	3.0210000000000004	1.5472000000000001
Y(Sc0.75Cr0.25)O3	2.8810000000000002	1.8086000000000002
Y(Sc0.5Cr0.5)O3	2.801	1.6962000000000004
Y(Sc0.875Fe0.125)O3	2.5580000000000003	0.9561999999999999
Y(Sc0.75Fe0.25)O3	2.495	1.4260000000000002
Y(Sc0.5Fe0.5)O3	2.403	0.916
Y(Sc0.875Mn0.125)O3	0.8079999999999999	0.5318
Y(Sc0.75Mn0.25)O3	0.932	0.507
Y(Sc0.5Mn0.5)O3	1.216	0.5147999999999999
Y(Sc0.875Ni0.125)O3	0.0	1.5934000000000001
Y(Sc0.75Ni0.25)O3	0.11699999999999999	1.2437999999999998
Y(Sc0.5Ni0.5)O3	0.39399999999999996	0.8976
(Ba0.25Y0.75)TiO3	0.0	0.5276
(Ba0.5Y0.5)TiO3	0.0	0.1422
(Ca0.25Y0.75)TiO3	0.0	0.35200000000000004
(Ca0.5Y0.5)TiO3	0.0	0.25339999999999996
(Dy0.25Y0.75)TiO3	0.0	0.2274
(Dy0.5Y0.5)TiO3	0.0	0.2274
(Gd0.25Y0.75)TiO3	0.0	0.2274
(Gd0.5Y0.5)TiO3	0.0	0.2274
(Y0.75Ho0.25)TiO3	0.0	0.27999999999999997
(Y0.5Ho0.5)TiO3	0.0	0.2862
(Nd0.25Y0.75)TiO3	0.0	0.48900000000000005
(Nd0.5Y0.5)TiO3	0.0	0.48900000000000005
(Sm0.25Y0.75)TiO3	0.0	0.4708
(Sm0.5Y0.5)TiO3	0.0	0.713
(Sr0.25Y0.75)TiO3	0.0	0.6264
(Sr0.5Y0.5)TiO3	0.0	0.21400000000000002
Y(Ti0.5Co0.5)O3	1.847	1.2870000000000001
Y(Ti0.875Cr0.125)O3	0.0	0.9364000000000001
Y(Ti0.75Cr0.25)O3	0.0	1.0597999999999999
Y(Ti0.5Cr0.5)O3	0.27899999999999997	0.805
Y(Ti0.875Fe0.125)O3	0.0	0.5638
Y(Ti0.75Fe0.25)O3	0.0	0.6638
Y(Ti0.5Fe0.5)O3	1.821	1.3194
Y(Mg0.125Ti0.875)O3	0.0	0.1106
Y(Mg0.25Ti0.75)O3	0.0	0.195
Y(Mg0.5Ti0.5)O3	3.029	0.30860000000000004
Y(Ti0.875Mn0.125)O3	0.0	0.0
Y(Ti0.75Mn0.25)O3	0.0	0.1276
Y(Ti0.5Mn0.5)O3	1.646	1.4464
Y(Ti0.75Ni0.25)O3	0.0	0.9707999999999999
Y(Ti0.5Ni0.5)O3	2.7289999999999996	0.5514
(Ba0.25Y0.75)VO3	0.67	0.0
(Ba0.5Y0.5)VO3	0.711	0.4842000000000001
(Ca0.25Y0.75)VO3	0.514	0.44299999999999995
(Ca0.5Y0.5)VO3	0.753	0.0632
(Dy0.25Y0.75)VO3	1.177	0.2346
(Dy0.5Y0.5)VO3	1.173	0.2354
(Gd0.25Y0.75)VO3	0.0	0.47000000000000003
(Gd0.5Y0.5)VO3	0.0	0.47000000000000003
(Y0.75Ho0.25)VO3	1.208	0.3848
(Y0.5Ho0.5)VO3	1.213	0.24159999999999998
(Nd0.25Y0.75)VO3	1.137	0.0
(Nd0.5Y0.5)VO3	1.171	0.6968
(Sm0.25Y0.75)VO3	1.176	1.182
(Sm0.5Y0.5)VO3	1.171	1.6044
(Sr0.25Y0.75)VO3	0.35600000000000004	0.29440000000000005
(Sr0.5Y0.5)VO3	0.7140000000000001	0.1516
Y(V0.875Co0.125)O3	0.46799999999999997	0.909
Y(V0.75Co0.25)O3	0.634	0.7684000000000001
Y(V0.5Co0.5)O3	1.248	0.753
Y(V0.875Cr0.125)O3	1.168	0.5298
Y(V0.75Cr0.25)O3	1.208	1.0766
Y(V0.5Cr0.5)O3	1.4409999999999998	1.0538
Y(V0.875Fe0.125)O3	1.051	0.7924
Y(V0.75Fe0.25)O3	0.594	0.8838000000000001
Y(V0.5Fe0.5)O3	1.018	0.799
Y(Mg0.125V0.875)O3	0.0	0.195
Y(Mg0.25V0.75)O3	0.0	0.3298
Y(Mg0.5V0.5)O3	0.0	0.8202
Y(Mn0.125V0.875)O3	0.6659999999999999	0.9339999999999999
Y(Mn0.25V0.75)O3	0.509	0.7032
Y(Mn0.5V0.5)O3	0.509	0.2996
Y(V0.875Ni0.125)O3	0.514	0.9718
Y(V0.75Ni0.25)O3	0.0	0.9747999999999999
Y(V0.5Ni0.5)O3	1.308	0.812
